{"freq_band": "fr", "confidence_window": 80, "feature_neuron_class": {"array": [1, 1, 1, 3, 1, 1, 1, 1, 0, 0, 3, 1, 1, 1, 1, 1, 1, 1, 1, 1, 1, 3, 1, 1, 1, 1, 3, 1, 1, 1, 3, 1, 1, 1, 3, 1, 1, 3, 0, 1, 1, 0, 3, 0, 1, 1, 1, 1, 0, 3, 0, 1, 1, 1, 3, 1, 1, 1, 1, 1, 0, 1, 0, 1, 3, 1, 0, 1, 1, 1, 1, 1, 1, 0, 3, 0, 1, 3, 1, 1, 3, 1, 1, 1, 1, 1, 1, 3, 3, 0, 3, 3, 0, 1, 3, 1, 1, 1, 1, 3, 1, 3, 3, 1, 3, 3, 1, 0, 1, 1, 0, 1, 3, 1, 1, 0, 1, 1, 1, 1, 1, 0, 1, 3, 1, 1, 1, 1, 1, 1, 0, 1, 0, 1, 3, 3, 1, 1, 1, 0, 1, 1, 3, 0, 1, 1, 1, 1, 1, 3, 1, 3, 1, 1, 1, 1, 3, 3, 1, 1, 3, 3, 1, 1, 1, 0, 1, 1, 1, 1, 1, 1, 1, 3, 1, 1, 1, 0, 1, 1, 1, 1, 0, 1, 3, 1, 1, 1, 3, 3, 3, 0, 1, 1, 1, 1, 1, 3, 1, 1, 0, 1, 1, 1, 3, 1, 1, 3, 1, 1, 1, 0, 1, 1, 1, 3, 1, 0, 0, 1, 0, 1, 1, 1, 1, 1, 3, 1, 1, 1, 0, 3, 1, 3, 1, 1, 0, 1, 3, 0, 1, 1, 1, 0, 1, 0, 1, 3, 1, 3, 1, 3, 1, 1, 1, 1], "counts": {"silent_neurons": 36, "noisy_neurons": 169, "detector_neurons": 51}}, "num_consensus_neurons": 1, "relevant_ratio_threshold": 95.0, "metrics": {"true_positive": 24, "false_positive": 2, "true_negative": 119974, "false_negative": 0, "total_predictions": 120000, "accuracy": 99.99833333333333, "precision": 92.3076923076923, "recall": 100.0, "f1_score": 95.99999999999999, "specificity": 99.99833299993331}}