{"freq_band": "hfo", "confidence_window": 180, "feature_neuron_class": {"array": [1, 1, 1, 0, 1, 1, 4, 0, 1, 4, 1, 4, 1, 4, 4, 1, 1, 1, 1, 1, 1, 4, 1, 1, 4, 1, 1, 1, 4, 1, 1, 1, 1, 1, 1, 1, 1, 4, 0, 1, 1, 1, 1, 4, 4, 1, 1, 1, 4, 1, 1, 1, 1, 1, 4, 1, 1, 1, 0, 4, 4, 1, 1, 4, 4, 1, 1, 1, 1, 1, 1, 1, 4, 1, 1, 1, 4, 4, 1, 1, 4, 1, 1, 1, 0, 4, 1, 1, 0, 4, 1, 1, 4, 0, 1, 1, 4, 1, 1, 1, 1, 1, 1, 1, 1, 4, 1, 0, 1, 4, 4, 1, 1, 4, 1, 1, 1, 1, 0, 1, 1, 1, 1, 1, 4, 1, 1, 1, 1, 1, 1, 1, 0, 1, 1, 1, 4, 1, 1, 4, 4, 1, 4, 1, 4, 1, 1, 1, 4, 1, 1, 1, 0, 1, 1, 0, 1, 1, 1, 0, 1, 1, 1, 0, 1, 4, 1, 1, 1, 1, 0, 4, 4, 4, 1, 1, 1, 0, 4, 4, 1, 4, 1, 4, 4, 1, 4, 1, 1, 1, 1, 1, 4, 4, 4, 1, 1, 1, 1, 1, 0, 1, 4, 1, 1, 1, 1, 1, 1, 1, 1, 1, 1, 1, 1, 4, 1, 1, 1, 1, 4, 1, 4, 1, 0, 0, 4, 0, 4, 0, 4, 1, 1, 1, 1, 1, 4, 4, 4, 4, 1, 1, 0, 4, 1, 0, 1, 1, 1, 1, 4, 1, 1, 1, 0, 4], "counts": {"silent_neurons": 24, "noisy_neurons": 169, "detector_neurons": 63}}, "num_consensus_neurons": 1, "relevant_ratio_threshold": 90.0, "metrics": {"true_positive": 19, "false_positive": 2, "true_negative": 119962, "false_negative": 17, "total_predictions": 120000, "accuracy": 99.98416666666667, "precision": 90.47619047619048, "recall": 52.77777777777778, "f1_score": 66.66666666666667, "specificity": 99.99833283318328}}