{"freq_band": "ripple", "confidence_window": 180, "feature_neuron_class": {"array": [1, 1, 0, 1, 1, 1, 1, 2, 1, 2, 2, 1, 1, 1, 1, 2, 0, 0, 0, 1, 0, 2, 2, 1, 0, 2, 1, 0, 1, 1, 1, 1, 1, 2, 1, 2, 1, 2, 2, 2, 0, 1, 1, 1, 1, 2, 1, 1, 0, 2, 1, 1, 1, 1, 1, 1, 1, 2, 1, 1, 1, 1, 1, 2, 0, 2, 1, 1, 1, 0, 1, 0, 2, 1, 1, 1, 1, 1, 1, 1, 1, 1, 1, 0, 1, 2, 1, 0, 1, 1, 1, 1, 2, 1, 1, 1, 0, 1, 1, 0, 2, 1, 0, 2, 1, 1, 1, 2, 1, 1, 1, 1, 1, 2, 1, 1, 1, 1, 2, 1, 1, 1, 1, 1, 1, 1, 2, 1, 1, 1, 0, 0, 1, 1, 1, 2, 1, 1, 1, 1, 1, 2, 1, 1, 1, 0, 1, 1, 1, 0, 1, 2, 1, 2, 1, 1, 1, 2, 0, 2, 1, 1, 1, 1, 1, 1, 1, 1, 1, 1, 0, 2, 1, 1, 1, 1, 1, 1, 1, 2, 1, 1, 1, 1, 1, 1, 1, 1, 1, 2, 2, 1, 1, 1, 1, 1, 1, 2, 2, 1, 1, 2, 1, 2, 2, 2, 1, 0, 1, 1, 0, 2, 1, 1, 2, 0, 1, 1, 1, 1, 1, 2, 1, 1, 2, 1, 1, 0, 0, 1, 1, 1, 1, 1, 2, 1, 1, 1, 2, 1, 2, 0, 1, 1, 2, 1, 1, 1, 0, 1, 1, 1, 1, 1, 1, 2], "counts": {"silent_neurons": 30, "noisy_neurons": 175, "detector_neurons": 51}}, "num_consensus_neurons": 1, "relevant_ratio_threshold": 93.0, "metrics": {"true_positive": 16, "false_positive": 1, "true_negative": 119975, "false_negative": 8, "total_predictions": 120000, "accuracy": 99.99249999999999, "precision": 94.11764705882352, "recall": 66.66666666666666, "f1_score": 78.04878048780488, "specificity": 99.99916649996666}}