{"freq_band": "fr", "confidence_window": 80, "feature_neuron_class": {"array": [3, 3, 0, 3, 3, 3, 0, 0, 1, 0, 3, 3, 3, 0, 3, 3, 3, 3, 3, 3, 3, 3, 0, 3, 3, 0, 3, 3, 3, 3, 3, 3, 3, 3, 3, 1, 1, 3, 0, 0, 3, 0, 0, 0, 0, 3, 3, 3, 3, 3, 3, 0, 3, 3, 3, 0, 0, 0, 3, 3, 3, 0, 3, 3, 1, 3, 3, 3, 1, 3, 3, 3, 3, 3, 0, 0, 3, 3, 3, 0, 3, 3, 3, 3, 3, 3, 3, 3, 3, 0, 3, 3, 0, 3, 3, 3, 3, 3, 3, 0, 3, 3, 1, 3, 1, 3, 3, 3, 1, 3, 3, 3, 0, 3, 3, 3, 3, 0, 0, 0, 3, 3, 0, 3, 0, 3, 0, 3, 3, 3, 3, 1, 3, 3, 3, 3, 3, 0, 3, 3, 3, 0, 1, 3, 1, 0, 0, 1, 3, 3, 3, 3, 0, 3, 3, 0, 3, 0, 3, 3, 3, 3, 3, 3, 0, 0, 3, 1, 3, 3, 3, 3, 3, 3, 3, 3, 1, 3, 3, 3, 3, 3, 3, 3, 3, 3, 1, 3, 3, 0, 3, 3, 0, 3, 0, 0, 3, 1, 3, 3, 3, 3, 3, 0, 0, 3, 3, 0, 0, 3, 3, 3, 3, 3, 1, 0, 3, 3, 3, 3, 3, 0, 3, 3, 3, 3, 0, 3, 3, 3, 3, 3, 0, 3, 3, 3, 0, 3, 3, 0, 1, 0, 3, 3, 3, 3, 3, 3, 3, 3, 3, 0, 3, 3, 0, 1], "counts": {"silent_neurons": 57, "noisy_neurons": 19, "detector_neurons": 180}}, "num_consensus_neurons": 1, "relevant_ratio_threshold": 85.0, "metrics": {"true_positive": 198, "false_positive": 39, "true_negative": 119762, "false_negative": 1, "total_predictions": 120000, "accuracy": 99.96666666666667, "precision": 83.54430379746836, "recall": 99.49748743718592, "f1_score": 90.82568807339449, "specificity": 99.96744601464094}}