{
    "freq_band": "fr",
    "confidence_window": 60,
    "feature_neuron_class": {
        "array": [
            1, 1, 1, 1, 1, 1, 1, 1, 1, 3, 0, 1, 0, 1, 1, 1, 1, 1, 1, 1, 1, 1, 1, 1, 0,
            1, 1, 1, 0, 1, 1, 0, 1, 0, 1, 1, 3, 1, 0, 0, 0, 0, 0, 0, 1, 1, 1, 1, 0, 1,
            1, 0, 0, 0, 1, 1, 0, 1, 1, 1, 1, 0, 0, 1, 1, 3, 1, 0, 0, 3, 0, 0, 1, 1, 0,
            0, 0, 0, 0, 1, 0, 0, 1, 1, 1, 0, 1, 1, 0, 3, 0, 1, 1, 0, 0, 0, 0, 1, 0, 1,
            1, 1, 0, 1, 1, 0, 1, 0, 0, 1, 0, 0, 1, 0, 0, 0, 0, 1, 0, 0, 1, 0, 1, 0, 1,
            0, 0, 0, 0, 1, 0, 0, 0, 0, 0, 1, 1, 0, 0, 0, 0, 1, 0, 0, 0, 0, 1, 0, 1, 0,
            0, 1, 0, 0, 1, 0, 0, 0, 1, 0, 0, 1, 1, 0, 0, 0, 0, 0, 0, 1, 0, 0, 0, 1, 0,
            0, 3, 0, 0, 1, 0, 0, 0, 0, 0, 0, 0, 1, 0, 0, 1, 0, 0, 0, 0, 0, 0, 0, 0, 0,
            0, 0, 0, 0, 0, 1, 0, 1, 0, 0, 0, 0, 0, 1, 1, 0, 0, 0, 0, 0, 1, 0, 3, 1, 0,
            0, 1, 1, 0, 1, 0, 0, 0, 0, 0, 0, 0, 1, 0, 0, 0, 1, 0, 0, 0, 1, 0, 0, 0, 1,
            1, 0, 1, 0, 0, 0
        ],
        "counts": {
            "silent_neurons": 150,
            "noisy_neurons": 99,
            "detector_neurons": 7
        }
    },
    "num_consensus_neurons": 2,
    "metrics": {
        "true_positive": 1,
        "false_positive": 0,
        "true_negative": 119801,
        "false_negative": 198,
        "total_predictions": 120000,
        "accuracy": 99.835,
        "precision": 100.0,
        "recall": 0.5025125628140703,
        "f1_score": 0.9999999999999999,
        "specificity": 100.0
    }
}