{
    "freq_band": "fr",
    "confidence_window": 80,
    "feature_neuron_class": {
        "array": [
            0, 1, 0, 0, 3, 1, 1, 3, 0, 3, 3, 3, 3, 1, 3, 3, 1, 0, 3, 3, 0, 0, 3, 1, 0,
            3, 0, 3, 0, 0, 3, 0, 3, 0, 3, 0, 3, 1, 3, 0, 1, 3, 1, 0, 0, 3, 3, 1, 0, 1,
            3, 3, 1, 0, 3, 3, 0, 3, 3, 0, 1, 3, 0, 3, 3, 3, 0, 3, 3, 1, 3, 3, 3, 3, 3,
            3, 3, 3, 3, 3, 3, 3, 3, 1, 3, 3, 1, 3, 3, 3, 0, 3, 3, 3, 3, 3, 3, 1, 3, 3,
            3, 3, 3, 3, 3, 3, 0, 3, 1, 1, 0, 3, 3, 0, 3, 3, 0, 1, 0, 3, 1, 1, 1, 0, 3,
            3, 3, 1, 3, 3, 1, 3, 3, 0, 3, 3, 0, 1, 3, 1, 0, 1, 3, 3, 0, 3, 0, 0, 3, 3,
            3, 3, 0, 3, 1, 3, 0, 0, 1, 1, 0, 0, 3, 3, 0, 1, 0, 3, 1, 3, 1, 3, 1, 0, 1,
            3, 0, 0, 1, 3, 0, 1, 3, 3, 3, 3, 3, 3, 3, 0, 0, 0, 3, 3, 3, 3, 3, 3, 3, 3,
            3, 0, 3, 3, 0, 1, 0, 3, 3, 1, 0, 3, 3, 3, 3, 3, 3, 1, 1, 3, 3, 3, 1, 3, 3,
            3, 1, 3, 1, 1, 3, 3, 0, 3, 3, 3, 0, 0, 3, 3, 3, 1, 3, 1, 1, 3, 3, 3, 3, 3,
            1, 3, 3, 3, 3, 3
        ],
        "counts": {
            "silent_neurons": 57,
            "noisy_neurons": 50,
            "detector_neurons": 149
        }
    },
    "num_consensus_neurons": 1,
    "relevant_ratio_threshold": 90.0,
    "metrics": {
        "true_positive": 189,
        "false_positive": 24,
        "true_negative": 119777,
        "false_negative": 10,
        "total_predictions": 120000,
        "accuracy": 99.97166666666666,
        "precision": 88.73239436619718,
        "recall": 94.9748743718593,
        "f1_score": 91.74757281553399,
        "specificity": 99.97996677824058
    }
}