{
    "freq_band": "fr",
    "confidence_window": 60,
    "feature_neuron_class": {
        "array": [
            1, 1, 1, 1, 1, 1, 1, 1, 1, 1, 1, 0, 3, 1, 0, 3, 0, 0, 0, 3, 3, 0, 0, 0, 3,
            3, 0, 1, 0, 3, 1, 1, 3, 0, 3, 3, 0, 0, 3, 3, 0, 3, 1, 1, 0, 1, 0, 3, 3, 1,
            0, 3, 0, 3, 1, 0, 0, 0, 0, 0, 1, 3, 1, 0, 0, 3, 3, 0, 0, 0, 3, 3, 0, 3, 0,
            0, 1, 0, 0, 0, 0, 1, 0, 0, 0, 0, 1, 0, 1, 0, 0, 0, 0, 3, 1, 0, 0, 0, 0, 0,
            0, 0, 0, 0, 3, 1, 0, 0, 0, 3, 0, 3, 1, 0, 0, 0, 0, 0, 0, 3, 3, 0, 0, 0, 3,
            3, 0, 0, 0, 0, 0, 0, 3, 1, 0, 0, 0, 0, 3, 0, 3, 0, 0, 0, 0, 3, 0, 0, 0, 0,
            0, 0, 0, 1, 3, 0, 0, 0, 0, 0, 0, 0, 0, 0, 0, 0, 0, 0, 0, 3, 0, 0, 0, 0, 1,
            0, 0, 3, 0, 0, 0, 1, 0, 0, 0, 0, 3, 0, 3, 0, 0, 3, 0, 0, 0, 0, 3, 0, 0, 0,
            3, 0, 0, 0, 0, 0, 0, 0, 3, 0, 3, 0, 0, 0, 0, 0, 0, 0, 3, 1, 0, 0, 0, 0, 0,
            0, 3, 0, 0, 0, 0, 3, 0, 0, 0, 0, 0, 0, 0, 3, 0, 1, 3, 0, 0, 0, 0, 0, 0, 0,
            0, 3, 0, 0, 0, 0
        ],
        "counts": {
            "silent_neurons": 170,
            "noisy_neurons": 35,
            "detector_neurons": 51
        }
    },
    "num_consensus_neurons": 1,
    "metrics": {
        "true_positive": 168,
        "false_positive": 10,
        "true_negative": 119791,
        "false_negative": 31,
        "total_predictions": 120000,
        "accuracy": 99.96583333333334,
        "precision": 94.3820224719101,
        "recall": 84.42211055276381,
        "f1_score": 89.12466843501326,
        "specificity": 99.99165282426691
    }
}