{
    "freq_band": "fr",
    "confidence_window": 60,
    "feature_neuron_class": {
        "array": [
            1, 1, 1, 1, 1, 1, 1, 1, 1, 0, 0, 3, 1, 3, 1, 3, 1, 1, 1, 1, 0, 3, 0, 1, 1,
            3, 0, 0, 1, 1, 3, 0, 0, 1, 3, 1, 3, 3, 1, 0, 0, 0, 1, 0, 0, 0, 0, 3, 0, 3,
            1, 1, 1, 1, 3, 0, 0, 3, 1, 3, 0, 0, 0, 1, 0, 3, 1, 0, 0, 3, 3, 0, 0, 1, 0,
            0, 1, 1, 3, 0, 0, 3, 0, 1, 3, 1, 0, 0, 1, 0, 0, 0, 3, 0, 0, 0, 0, 3, 1, 0,
            3, 0, 3, 0, 3, 0, 0, 3, 0, 0, 0, 0, 0, 0, 0, 0, 0, 0, 0, 3, 1, 0, 3, 1, 0,
            0, 0, 1, 0, 0, 0, 0, 3, 3, 0, 0, 3, 0, 3, 0, 0, 0, 0, 3, 0, 0, 0, 0, 3, 0,
            0, 0, 0, 0, 1, 0, 3, 0, 0, 0, 1, 0, 0, 0, 0, 1, 0, 0, 0, 0, 0, 3, 3, 1, 0,
            0, 1, 0, 0, 0, 0, 0, 0, 1, 1, 0, 0, 0, 0, 0, 0, 3, 0, 0, 0, 1, 0, 0, 0, 0,
            0, 0, 0, 0, 1, 0, 0, 0, 0, 0, 3, 0, 0, 0, 0, 0, 0, 3, 0, 0, 0, 0, 0, 0, 0,
            0, 0, 0, 0, 0, 1, 0, 0, 0, 0, 0, 0, 0, 0, 1, 0, 0, 0, 0, 0, 1, 0, 1, 0, 0,
            0, 3, 0, 0, 0, 0
        ],
        "counts": {
            "silent_neurons": 162,
            "noisy_neurons": 53,
            "detector_neurons": 41
        }
    },
    "num_consensus_neurons": 1,
    "metrics": {
        "true_positive": 140,
        "false_positive": 6,
        "true_negative": 119795,
        "false_negative": 59,
        "total_predictions": 120000,
        "accuracy": 99.94583333333334,
        "precision": 95.8904109589041,
        "recall": 70.35175879396985,
        "f1_score": 81.15942028985506,
        "specificity": 99.99499169456014
    }
}