{"freq_band": "fr", "confidence_window": 80, "feature_neuron_class": {"array": [3, 3, 0, 3, 3, 3, 0, 0, 1, 0, 3, 3, 3, 0, 1, 3, 3, 3, 1, 3, 3, 3, 0, 3, 3, 0, 3, 3, 3, 3, 1, 3, 3, 3, 3, 1, 1, 3, 0, 0, 3, 0, 0, 0, 0, 1, 3, 3, 3, 3, 3, 0, 3, 3, 3, 0, 0, 0, 3, 3, 3, 0, 3, 3, 1, 3, 3, 1, 1, 3, 3, 3, 3, 3, 0, 0, 3, 3, 3, 0, 3, 3, 3, 3, 3, 3, 3, 3, 3, 0, 1, 3, 0, 1, 3, 1, 3, 3, 3, 0, 1, 3, 1, 3, 1, 3, 1, 3, 1, 1, 3, 3, 0, 3, 3, 3, 3, 0, 0, 0, 1, 1, 0, 3, 0, 3, 0, 3, 3, 3, 3, 1, 3, 3, 3, 3, 3, 0, 3, 3, 3, 0, 1, 3, 1, 0, 0, 1, 3, 1, 3, 3, 0, 1, 3, 0, 3, 0, 3, 3, 3, 3, 3, 3, 0, 0, 3, 1, 3, 3, 3, 3, 3, 3, 3, 1, 1, 3, 3, 3, 3, 3, 3, 3, 3, 3, 1, 3, 3, 0, 3, 3, 0, 3, 0, 0, 3, 1, 3, 3, 3, 3, 1, 0, 0, 3, 3, 0, 0, 3, 3, 3, 3, 3, 1, 0, 3, 1, 3, 1, 1, 0, 3, 3, 3, 3, 0, 3, 3, 3, 3, 3, 0, 3, 3, 3, 0, 3, 1, 0, 1, 0, 3, 3, 3, 1, 3, 3, 3, 3, 3, 0, 1, 1, 0, 1], "counts": {"silent_neurons": 57, "noisy_neurons": 43, "detector_neurons": 156}}, "num_consensus_neurons": 1, "relevant_ratio_threshold": 90.0, "metrics": {"true_positive": 197, "false_positive": 22, "true_negative": 119779, "false_negative": 2, "total_predictions": 120000, "accuracy": 99.98, "precision": 89.95433789954338, "recall": 98.99497487437185, "f1_score": 94.25837320574163, "specificity": 99.9816362133872}}