{
    "freq_band": "fr",
    "confidence_window": 60,
    "feature_neuron_class": {
        "array": [
            1, 1, 1, 1, 1, 1, 1, 0, 1, 1, 1, 1, 3, 0, 1, 1, 1, 1, 1, 1, 3, 1, 1, 3, 3,
            3, 3, 0, 3, 1, 1, 0, 0, 3, 1, 0, 1, 3, 0, 3, 0, 3, 3, 0, 3, 3, 0, 3, 3, 0,
            1, 3, 3, 3, 0, 1, 0, 1, 1, 0, 0, 1, 1, 0, 1, 1, 0, 3, 0, 1, 1, 0, 1, 0, 1,
            3, 0, 1, 1, 0, 3, 0, 0, 0, 3, 1, 0, 0, 0, 3, 0, 0, 0, 3, 0, 0, 0, 1, 3, 0,
            0, 1, 0, 0, 0, 0, 0, 3, 0, 0, 0, 0, 0, 0, 0, 0, 0, 0, 3, 0, 0, 0, 0, 0, 3,
            0, 0, 3, 0, 0, 1, 0, 0, 0, 0, 3, 0, 0, 0, 0, 0, 3, 1, 0, 3, 0, 0, 0, 0, 0,
            0, 1, 1, 3, 0, 0, 0, 0, 0, 0, 3, 0, 0, 0, 0, 0, 1, 0, 0, 0, 0, 0, 0, 0, 0,
            1, 3, 0, 1, 0, 0, 0, 0, 0, 0, 0, 0, 0, 0, 3, 0, 0, 0, 0, 0, 0, 0, 0, 0, 0,
            1, 3, 3, 0, 0, 0, 0, 0, 0, 0, 3, 0, 0, 0, 0, 0, 0, 1, 3, 0, 3, 0, 0, 1, 0,
            0, 0, 0, 0, 0, 0, 1, 0, 0, 0, 0, 0, 3, 0, 0, 0, 0, 1, 0, 3, 0, 0, 1, 0, 0,
            0, 0, 1, 0, 0, 0
        ],
        "counts": {
            "silent_neurons": 158,
            "noisy_neurons": 54,
            "detector_neurons": 44
        }
    },
    "num_consensus_neurons": 1,
    "metrics": {
        "true_positive": 136,
        "false_positive": 4,
        "true_negative": 119797,
        "false_negative": 63,
        "total_predictions": 120000,
        "accuracy": 99.94416666666666,
        "precision": 97.14285714285714,
        "recall": 68.34170854271356,
        "f1_score": 80.23598820058996,
        "specificity": 99.99666112970677
    }
}