{"freq_band": "fr", "confidence_window": 60, "feature_neuron_class": {"array": [1, 1, 1, 1, 1, 1, 1, 1, 1, 1, 1, 1, 1, 1, 1, 1, 1, 3, 3, 1, 1, 1, 1, 1, 1, 1, 1, 1, 1, 1, 1, 1, 1, 1, 1, 1, 3, 1, 1, 0, 1, 0, 1, 1, 3, 1, 1, 1, 1, 1, 3, 1, 3, 1, 0, 1, 1, 1, 1, 0, 1, 0, 0, 1, 0, 1, 0, 0, 1, 0, 1, 3, 3, 0, 1, 1, 1, 1, 3, 3, 1, 1, 3, 0, 1, 1, 0, 3, 0, 1, 1, 1, 1, 0, 0, 1, 1, 1, 1, 1, 1, 1, 0, 0, 0, 0, 0, 1, 1, 0, 3, 0, 0, 0, 0, 1, 0, 3, 0, 0, 1, 0, 0, 1, 3, 0, 3, 0, 3, 1, 3, 0, 1, 0, 0, 1, 1, 0, 1, 3, 1, 1, 3, 0, 1, 0, 1, 0, 0, 0, 0, 1, 0, 1, 0, 0, 1, 3, 3, 0, 0, 1, 1, 0, 0, 0, 1, 1, 0, 0, 0, 0, 1, 0, 0, 0, 0, 1, 1, 0, 1, 1, 0, 0, 0, 0, 0, 3, 0, 0, 0, 0, 0, 0, 0, 0, 0, 0, 1, 0, 0, 1, 1, 0, 0, 0, 3, 0, 0, 0, 0, 0, 0, 0, 1, 0, 0, 0, 0, 0, 0, 0, 0, 0, 1, 0, 0, 0, 0, 0, 0, 1, 1, 0, 0, 0, 0, 0, 0, 0, 0, 0, 0, 0, 0, 0, 0, 1, 1, 0, 0, 0, 0, 0, 1, 0], "counts": {"silent_neurons": 122, "noisy_neurons": 110, "detector_neurons": 24}}, "num_consensus_neurons": 1, "metrics": {"true_positive": 68, "false_positive": 6, "true_negative": 59895, "false_negative": 31, "total_predictions": 60000, "accuracy": 99.93833333333333, "precision": 91.8918918918919, "recall": 68.68686868686868, "f1_score": 78.61271676300578, "specificity": 99.98998347273}}