{"freq_band": "fr", "confidence_window": 80, "feature_neuron_class": {"array": [0, 1, 0, 0, 1, 1, 1, 3, 0, 1, 1, 1, 1, 1, 1, 3, 1, 0, 1, 1, 0, 0, 1, 1, 0, 1, 0, 1, 0, 0, 1, 0, 1, 0, 3, 0, 1, 1, 1, 0, 1, 3, 1, 0, 0, 1, 1, 1, 0, 1, 1, 3, 1, 0, 1, 1, 0, 1, 1, 0, 1, 1, 0, 1, 1, 1, 0, 3, 1, 1, 1, 3, 3, 1, 1, 3, 1, 1, 1, 1, 1, 1, 1, 1, 1, 1, 1, 1, 1, 1, 0, 3, 1, 1, 1, 1, 1, 1, 1, 3, 1, 1, 3, 3, 1, 1, 0, 1, 1, 1, 0, 1, 1, 0, 1, 1, 0, 1, 0, 1, 1, 1, 1, 0, 1, 1, 1, 1, 3, 1, 1, 1, 1, 0, 1, 1, 0, 1, 1, 1, 0, 1, 1, 1, 0, 3, 0, 0, 1, 3, 1, 1, 0, 3, 1, 1, 0, 0, 1, 1, 0, 0, 1, 1, 0, 1, 0, 3, 1, 1, 1, 1, 1, 0, 1, 1, 0, 0, 1, 3, 0, 1, 3, 1, 1, 3, 1, 1, 1, 0, 0, 0, 3, 1, 1, 1, 3, 3, 1, 3, 1, 0, 1, 1, 0, 1, 0, 1, 1, 1, 0, 1, 1, 1, 1, 1, 1, 1, 1, 3, 3, 1, 1, 3, 1, 1, 1, 1, 1, 1, 1, 1, 0, 1, 3, 1, 0, 0, 1, 1, 3, 1, 1, 1, 1, 1, 1, 3, 3, 1, 1, 1, 1, 1, 1, 1], "counts": {"silent_neurons": 57, "noisy_neurons": 167, "detector_neurons": 32}}, "num_consensus_neurons": 1, "relevant_ratio_threshold": 95.0, "metrics": {"true_positive": 87, "false_positive": 5, "true_negative": 119796, "false_negative": 112, "total_predictions": 120000, "accuracy": 99.9025, "precision": 94.56521739130434, "recall": 43.71859296482412, "f1_score": 59.79381443298968, "specificity": 99.99582641213345}}