{
    "freq_band": "fr",
    "confidence_window": 60,
    "feature_neuron_class": {
        "array": [
            1, 1, 1, 1, 1, 1, 1, 1, 1, 3, 0, 1, 0, 1, 1, 1, 1, 1, 1, 1, 1, 1, 1, 1, 0,
            1, 1, 1, 0, 1, 1, 0, 1, 0, 1, 1, 3, 1, 0, 0, 0, 0, 0, 0, 1, 1, 1, 1, 0, 1,
            1, 0, 0, 0, 1, 1, 0, 1, 1, 1, 1, 0, 0, 1, 1, 3, 1, 0, 0, 3, 0, 0, 1, 1, 0,
            0, 0, 0, 0, 1, 0, 0, 1, 1, 1, 0, 1, 1, 0, 3, 0, 1, 1, 0, 0, 0, 0, 1, 0, 1,
            1, 1, 0, 1, 1, 0, 1, 0, 0, 1, 0, 0, 1, 0, 0, 0, 0, 1, 0, 0, 1, 0, 1, 0, 1,
            0, 0, 0, 0, 1, 0, 0, 0, 0, 0, 1, 1, 0, 0, 0, 0, 1, 0, 0, 0, 0, 1, 0, 1, 0,
            0, 1, 0, 0, 1, 0, 0, 0, 1, 0, 0, 1, 1, 0, 0, 0, 0, 0, 0, 1, 0, 0, 0, 1, 0,
            0, 3, 0, 0, 1, 0, 0, 0, 0, 0, 0, 0, 1, 0, 0, 1, 0, 0, 0, 0, 0, 0, 0, 0, 0,
            0, 0, 0, 0, 0, 1, 0, 1, 0, 0, 0, 0, 0, 1, 1, 0, 0, 0, 0, 0, 1, 0, 3, 1, 0,
            0, 1, 1, 0, 1, 0, 0, 0, 0, 0, 0, 0, 1, 0, 0, 0, 1, 0, 0, 0, 1, 0, 0, 0, 1,
            1, 0, 1, 0, 0, 0
        ],
        "counts": {
            "silent_neurons": 150,
            "noisy_neurons": 99,
            "detector_neurons": 7
        }
    },
    "num_consensus_neurons": 1,
    "metrics": {
        "true_positive": 17,
        "false_positive": 0,
        "true_negative": 119801,
        "false_negative": 182,
        "total_predictions": 120000,
        "accuracy": 99.84833333333333,
        "precision": 100.0,
        "recall": 8.542713567839195,
        "f1_score": 15.740740740740739,
        "specificity": 100.0
    }
}