{"freq_band": "fr", "confidence_window": 80, "feature_neuron_class": {"array": [3, 3, 0, 3, 3, 3, 0, 0, 1, 0, 3, 3, 1, 0, 1, 3, 3, 3, 1, 3, 3, 3, 0, 3, 3, 0, 3, 3, 3, 3, 1, 3, 1, 3, 3, 1, 1, 1, 0, 0, 1, 0, 0, 0, 0, 1, 1, 3, 3, 3, 1, 0, 3, 1, 3, 0, 0, 0, 1, 3, 3, 0, 3, 3, 1, 3, 3, 1, 1, 3, 1, 1, 3, 3, 0, 0, 3, 3, 3, 0, 3, 3, 3, 3, 3, 3, 3, 3, 3, 0, 1, 3, 0, 1, 3, 1, 3, 3, 3, 0, 1, 3, 1, 3, 1, 3, 1, 3, 1, 1, 3, 3, 0, 3, 1, 3, 3, 0, 0, 0, 1, 1, 0, 3, 0, 3, 0, 3, 3, 3, 3, 1, 3, 3, 1, 3, 3, 0, 1, 3, 1, 0, 1, 3, 1, 0, 0, 1, 3, 1, 3, 3, 0, 1, 3, 0, 3, 0, 3, 3, 1, 3, 1, 3, 0, 0, 3, 1, 1, 3, 3, 3, 1, 1, 1, 1, 1, 3, 3, 3, 3, 3, 3, 3, 1, 3, 1, 3, 3, 0, 3, 3, 0, 3, 0, 0, 3, 1, 3, 3, 1, 3, 1, 0, 0, 1, 3, 0, 0, 3, 1, 3, 3, 3, 1, 0, 1, 1, 1, 1, 1, 0, 1, 3, 3, 3, 0, 3, 3, 3, 1, 3, 0, 3, 3, 3, 0, 3, 1, 0, 1, 0, 3, 3, 3, 1, 3, 3, 3, 1, 3, 0, 1, 1, 0, 1], "counts": {"silent_neurons": 57, "noisy_neurons": 72, "detector_neurons": 127}}, "num_consensus_neurons": 1, "relevant_ratio_threshold": 92.0, "metrics": {"true_positive": 195, "false_positive": 16, "true_negative": 119785, "false_negative": 4, "total_predictions": 120000, "accuracy": 99.98333333333333, "precision": 92.41706161137441, "recall": 97.98994974874373, "f1_score": 95.1219512195122, "specificity": 99.98664451882705}}