{"freq_band": "fr", "confidence_window": 80, "feature_neuron_class": {"array": [1, 1, 0, 1, 1, 3, 0, 0, 1, 0, 1, 3, 1, 0, 1, 1, 3, 3, 1, 1, 1, 1, 0, 3, 1, 0, 1, 1, 1, 3, 1, 1, 1, 3, 3, 1, 1, 1, 0, 0, 1, 0, 0, 0, 0, 1, 1, 3, 1, 1, 1, 0, 1, 1, 1, 0, 0, 0, 1, 3, 1, 0, 1, 3, 1, 3, 3, 1, 1, 1, 1, 1, 3, 3, 0, 0, 1, 1, 1, 0, 3, 1, 3, 1, 1, 1, 3, 1, 1, 0, 1, 1, 0, 1, 1, 1, 1, 3, 1, 0, 1, 3, 1, 3, 1, 1, 1, 1, 1, 1, 1, 3, 0, 1, 1, 1, 3, 0, 0, 0, 1, 1, 0, 3, 0, 3, 0, 1, 3, 1, 1, 1, 3, 1, 1, 1, 3, 0, 1, 1, 1, 0, 1, 1, 1, 0, 0, 1, 1, 1, 1, 3, 0, 1, 3, 0, 3, 0, 1, 1, 1, 1, 1, 1, 0, 0, 1, 1, 1, 3, 1, 3, 1, 1, 1, 1, 1, 3, 1, 1, 1, 3, 3, 3, 1, 1, 1, 1, 1, 0, 3, 1, 0, 1, 0, 0, 3, 1, 1, 1, 1, 1, 1, 0, 0, 1, 1, 0, 0, 3, 1, 1, 3, 1, 1, 0, 1, 1, 1, 1, 1, 0, 1, 3, 1, 3, 0, 1, 1, 1, 1, 1, 0, 3, 3, 1, 0, 3, 1, 0, 1, 0, 1, 3, 1, 1, 1, 1, 1, 1, 3, 0, 1, 1, 0, 1], "counts": {"silent_neurons": 57, "noisy_neurons": 151, "detector_neurons": 48}}, "num_consensus_neurons": 1, "relevant_ratio_threshold": 95.0, "metrics": {"true_positive": 149, "false_positive": 7, "true_negative": 119794, "false_negative": 50, "total_predictions": 120000, "accuracy": 99.9525, "precision": 95.51282051282051, "recall": 74.87437185929649, "f1_score": 83.94366197183099, "specificity": 99.99415697698683}}