{"freq_band": "hfo", "confidence_window": 120, "feature_neuron_class": {"array": [1, 1, 0, 4, 1, 1, 0, 1, 4, 0, 4, 4, 1, 1, 1, 1, 4, 4, 1, 4, 4, 4, 0, 1, 4, 1, 4, 0, 4, 1, 0, 1, 1, 1, 4, 4, 1, 4, 0, 1, 1, 1, 0, 1, 1, 0, 1, 1, 4, 1, 1, 1, 4, 0, 4, 1, 1, 0, 4, 4, 1, 1, 1, 1, 4, 4, 4, 4, 1, 1, 4, 1, 1, 4, 4, 4, 4, 4, 1, 4, 1, 0, 1, 4, 1, 4, 0, 1, 4, 4, 1, 4, 0, 4, 1, 4, 4, 1, 4, 4, 0, 1, 1, 4, 1, 1, 1, 1, 0, 4, 1, 4, 1, 4, 1, 4, 4, 1, 1, 4, 4, 1, 1, 0, 4, 4, 4, 1, 1, 4, 4, 1, 1, 1, 1, 1, 1, 1, 1, 0, 4, 1, 1, 1, 1, 1, 4, 1, 4, 1, 1, 4, 1, 1, 1, 0, 0, 1, 0, 1, 4, 1, 4, 0, 1, 1, 1, 4, 4, 4, 4, 4, 1, 4, 1, 1, 1, 4, 0, 1, 0, 4, 1, 0, 0, 0, 1, 1, 1, 1, 1, 4, 4, 4, 1, 0, 1, 1, 1, 0, 4, 1, 1, 1, 1, 1, 4, 4, 1, 4, 1, 1, 1, 4, 4, 1, 1, 1, 1, 1, 1, 1, 0, 4, 4, 4, 4, 1, 1, 1, 1, 4, 1, 1, 1, 4, 1, 4, 0, 4, 4, 1, 1, 4, 1, 1, 4, 1, 1, 1, 4, 1, 1, 1, 1, 4], "counts": {"silent_neurons": 31, "noisy_neurons": 135, "detector_neurons": 90}}, "num_consensus_neurons": 1, "relevant_ratio_threshold": 95.0, "metrics": {"true_positive": 18, "false_positive": 0, "true_negative": 29948, "false_negative": 34, "total_predictions": 30000, "accuracy": 99.88666666666667, "precision": 100.0, "recall": 34.61538461538461, "f1_score": 51.42857142857143, "specificity": 100.0}}