{"freq_band": "hfo", "confidence_window": 180, "feature_neuron_class": {"array": [0, 0, 4, 1, 4, 4, 4, 4, 0, 4, 0, 4, 0, 4, 4, 0, 4, 4, 4, 1, 1, 4, 4, 4, 4, 4, 4, 4, 4, 4, 4, 4, 4, 4, 4, 1, 4, 4, 4, 4, 1, 1, 4, 0, 0, 4, 4, 4, 4, 4, 4, 0, 4, 0, 4, 1, 0, 1, 0, 1, 1, 1, 4, 4, 1, 4, 4, 4, 4, 4, 0, 4, 4, 4, 0, 1, 4, 4, 4, 4, 4, 0, 4, 4, 4, 4, 1, 4, 4, 4, 4, 4, 4, 1, 4, 0, 4, 4, 4, 4, 4, 4, 4, 4, 4, 0, 1, 4, 4, 4, 4, 0, 4, 4, 4, 4, 1, 4, 0, 4, 0, 4, 0, 4, 0, 0, 4, 4, 4, 4, 4, 4, 4, 4, 4, 4, 1, 4, 4, 4, 0, 1, 4, 4, 1, 4, 1, 4, 4, 4, 4, 4, 4, 4, 4, 1, 4, 1, 1, 4, 1, 4, 4, 4, 4, 0, 4, 4, 4, 4, 1, 4, 4, 1, 4, 0, 4, 4, 0, 4, 4, 0, 4, 4, 4, 1, 4, 4, 0, 4, 4, 0, 4, 4, 1, 0, 1, 4, 4, 4, 4, 4, 4, 4, 4, 4, 1, 1, 4, 1, 4, 4, 4, 4, 0, 0, 4, 0, 1, 4, 4, 1, 4, 0, 4, 0, 4, 1, 4, 1, 1, 4, 0, 4, 4, 4, 1, 4, 4, 4, 4, 1, 4, 4, 4, 1, 1, 1, 0, 4, 4, 4, 4, 4, 1, 4], "counts": {"silent_neurons": 38, "noisy_neurons": 44, "detector_neurons": 174}}, "num_consensus_neurons": 1, "relevant_ratio_threshold": 90.0, "metrics": {"true_positive": 176, "false_positive": 23, "true_negative": 119755, "false_negative": 46, "total_predictions": 120000, "accuracy": 99.9425, "precision": 88.44221105527639, "recall": 79.27927927927928, "f1_score": 83.61045130641331, "specificity": 99.9807978092805}}