{"freq_band": "hfo", "confidence_window": 180, "feature_neuron_class": {"array": [0, 4, 4, 4, 1, 1, 0, 4, 4, 4, 4, 4, 4, 4, 4, 1, 4, 4, 4, 4, 1, 1, 4, 1, 0, 4, 4, 4, 4, 1, 0, 1, 0, 4, 0, 4, 1, 4, 4, 4, 4, 4, 4, 4, 4, 1, 4, 4, 1, 4, 4, 1, 4, 4, 0, 4, 4, 4, 1, 4, 4, 0, 4, 4, 4, 1, 4, 1, 4, 4, 4, 4, 4, 4, 4, 4, 4, 0, 4, 4, 4, 4, 1, 4, 4, 4, 1, 1, 4, 1, 1, 4, 4, 4, 4, 0, 4, 4, 4, 1, 1, 1, 1, 1, 4, 1, 1, 4, 4, 0, 1, 4, 4, 4, 1, 0, 4, 0, 4, 4, 1, 4, 4, 4, 1, 1, 4, 1, 4, 0, 4, 4, 1, 4, 4, 1, 0, 4, 4, 4, 4, 4, 4, 4, 4, 1, 1, 1, 4, 4, 1, 4, 1, 4, 4, 0, 4, 4, 4, 4, 4, 4, 4, 4, 4, 4, 4, 4, 4, 1, 4, 4, 4, 4, 4, 1, 4, 4, 1, 4, 1, 4, 4, 4, 0, 0, 4, 4, 4, 4, 4, 4, 0, 4, 4, 4, 4, 1, 1, 4, 0, 1, 1, 4, 4, 1, 4, 1, 4, 1, 4, 1, 1, 4, 4, 4, 4, 4, 0, 0, 4, 1, 4, 4, 0, 4, 4, 4, 4, 4, 1, 4, 4, 0, 4, 4, 4, 0, 4, 4, 4, 4, 4, 4, 4, 4, 4, 4, 4, 1, 1, 4, 4, 4, 1, 1], "counts": {"silent_neurons": 25, "noisy_neurons": 59, "detector_neurons": 172}}, "num_consensus_neurons": 1, "relevant_ratio_threshold": 85.0, "metrics": {"true_positive": 214, "false_positive": 42, "true_negative": 119736, "false_negative": 8, "total_predictions": 120000, "accuracy": 99.95833333333334, "precision": 83.59375, "recall": 96.3963963963964, "f1_score": 89.5397489539749, "specificity": 99.96493512999048}}