{"freq_band": "hfo", "confidence_window": 180, "feature_neuron_class": {"array": [4, 1, 4, 4, 4, 4, 1, 1, 4, 1, 0, 1, 4, 0, 4, 1, 1, 4, 1, 4, 4, 1, 1, 1, 1, 1, 4, 4, 1, 4, 1, 1, 4, 1, 1, 0, 4, 1, 1, 4, 1, 4, 1, 1, 0, 1, 4, 1, 4, 1, 4, 1, 0, 0, 4, 4, 0, 1, 1, 0, 1, 0, 4, 4, 1, 1, 4, 0, 4, 0, 0, 1, 4, 4, 4, 4, 4, 4, 4, 0, 4, 4, 4, 4, 4, 4, 1, 4, 0, 4, 1, 1, 1, 1, 4, 1, 1, 1, 1, 1, 1, 4, 1, 1, 4, 1, 1, 4, 4, 4, 1, 4, 0, 4, 1, 1, 4, 1, 0, 4, 4, 4, 1, 1, 1, 1, 4, 4, 4, 1, 0, 4, 1, 1, 1, 0, 4, 4, 0, 4, 4, 1, 4, 4, 4, 4, 1, 1, 1, 1, 4, 4, 1, 0, 1, 4, 4, 4, 1, 1, 4, 4, 4, 4, 4, 1, 1, 4, 4, 4, 0, 4, 1, 1, 4, 4, 0, 1, 4, 0, 4, 4, 4, 0, 1, 4, 1, 4, 4, 1, 4, 1, 1, 4, 4, 4, 1, 1, 0, 1, 1, 1, 1, 4, 1, 4, 0, 0, 1, 4, 4, 1, 1, 4, 1, 1, 1, 4, 0, 1, 4, 4, 1, 1, 4, 1, 0, 0, 4, 4, 4, 1, 1, 0, 1, 4, 1, 0, 4, 4, 4, 1, 1, 4, 1, 1, 1, 4, 1, 1, 4, 1, 4, 4, 4, 1], "counts": {"silent_neurons": 32, "noisy_neurons": 109, "detector_neurons": 115}}, "num_consensus_neurons": 1, "relevant_ratio_threshold": 90.0, "metrics": {"true_positive": 163, "false_positive": 18, "true_negative": 119760, "false_negative": 59, "total_predictions": 120000, "accuracy": 99.93583333333333, "precision": 90.05524861878453, "recall": 73.42342342342343, "f1_score": 80.89330024813897, "specificity": 99.98497219856735}}