{"freq_band": "hfo", "confidence_window": 180, "feature_neuron_class": {"array": [0, 0, 4, 1, 4, 4, 4, 4, 0, 4, 0, 4, 0, 4, 4, 0, 4, 4, 4, 1, 1, 4, 4, 4, 4, 4, 4, 4, 4, 4, 4, 4, 4, 4, 4, 1, 4, 4, 4, 4, 1, 4, 4, 0, 0, 4, 4, 4, 4, 4, 4, 0, 4, 0, 4, 4, 0, 1, 0, 1, 4, 1, 4, 4, 4, 4, 4, 4, 4, 4, 0, 4, 4, 4, 0, 1, 4, 4, 4, 4, 4, 0, 4, 4, 4, 4, 1, 4, 4, 4, 4, 4, 4, 1, 4, 0, 4, 4, 4, 4, 4, 4, 4, 4, 4, 0, 1, 4, 4, 4, 4, 0, 4, 4, 4, 4, 4, 4, 0, 4, 0, 4, 0, 4, 0, 0, 4, 4, 4, 4, 4, 4, 4, 4, 4, 4, 1, 4, 4, 4, 0, 4, 4, 4, 4, 4, 1, 4, 4, 4, 4, 4, 4, 4, 4, 1, 4, 1, 1, 4, 1, 4, 4, 4, 4, 0, 4, 4, 4, 4, 1, 4, 4, 1, 4, 0, 4, 4, 0, 4, 4, 0, 4, 4, 4, 1, 4, 4, 0, 4, 4, 0, 4, 4, 4, 0, 1, 4, 4, 4, 4, 4, 4, 4, 4, 4, 1, 1, 4, 1, 4, 4, 4, 4, 0, 0, 4, 0, 1, 4, 4, 1, 4, 0, 4, 0, 4, 1, 4, 1, 4, 4, 0, 4, 4, 4, 1, 4, 4, 4, 4, 1, 4, 4, 4, 4, 4, 1, 0, 4, 4, 4, 4, 4, 1, 4], "counts": {"silent_neurons": 38, "noisy_neurons": 33, "detector_neurons": 185}}, "num_consensus_neurons": 1, "relevant_ratio_threshold": 87.0, "metrics": {"true_positive": 176, "false_positive": 27, "true_negative": 119751, "false_negative": 46, "total_predictions": 120000, "accuracy": 99.93916666666667, "precision": 86.69950738916256, "recall": 79.27927927927928, "f1_score": 82.82352941176471, "specificity": 99.97745829785103}}