{"freq_band": "hfo", "confidence_window": 180, "feature_neuron_class": {"array": [4, 1, 4, 4, 4, 1, 1, 4, 4, 4, 4, 4, 4, 1, 4, 1, 1, 1, 4, 4, 4, 4, 1, 0, 4, 4, 4, 4, 4, 1, 1, 1, 4, 1, 4, 4, 1, 4, 4, 4, 1, 4, 4, 4, 4, 4, 4, 4, 4, 4, 4, 1, 1, 4, 1, 4, 4, 4, 4, 4, 4, 4, 4, 4, 4, 4, 4, 4, 4, 1, 4, 4, 0, 0, 0, 4, 1, 4, 4, 0, 4, 4, 0, 4, 4, 1, 4, 4, 4, 4, 0, 4, 4, 4, 4, 1, 0, 4, 4, 1, 4, 4, 4, 1, 0, 4, 1, 4, 1, 4, 0, 1, 4, 4, 4, 4, 1, 4, 4, 1, 4, 4, 1, 4, 4, 4, 1, 4, 1, 4, 4, 4, 1, 0, 4, 4, 4, 4, 4, 4, 4, 4, 0, 4, 0, 4, 4, 4, 1, 4, 4, 4, 4, 4, 1, 4, 1, 4, 1, 4, 1, 0, 4, 4, 0, 0, 4, 4, 0, 1, 4, 4, 4, 4, 4, 1, 4, 4, 4, 4, 0, 4, 4, 4, 0, 1, 4, 4, 1, 4, 4, 4, 4, 1, 1, 4, 4, 1, 4, 1, 4, 1, 1, 1, 4, 4, 4, 4, 4, 4, 1, 4, 4, 4, 4, 1, 1, 1, 1, 0, 4, 4, 4, 4, 4, 4, 4, 1, 1, 4, 4, 1, 4, 4, 4, 4, 1, 4, 4, 4, 4, 4, 0, 4, 4, 1, 4, 4, 4, 4, 4, 1, 4, 0, 4, 1], "counts": {"silent_neurons": 22, "noisy_neurons": 60, "detector_neurons": 174}}, "num_consensus_neurons": 1, "relevant_ratio_threshold": 92.0, "metrics": {"true_positive": 170, "false_positive": 17, "true_negative": 119761, "false_negative": 52, "total_predictions": 120000, "accuracy": 99.9425, "precision": 90.9090909090909, "recall": 76.57657657657657, "f1_score": 83.12958435207824, "specificity": 99.98580707642472}}