{"freq_band": "hfo", "confidence_window": 120, "feature_neuron_class": {"array": [4, 1, 0, 4, 1, 1, 0, 1, 4, 0, 4, 4, 1, 1, 4, 1, 4, 4, 4, 4, 4, 4, 0, 1, 4, 1, 4, 0, 4, 1, 0, 1, 1, 1, 4, 4, 4, 4, 0, 1, 1, 1, 0, 1, 1, 0, 1, 1, 4, 1, 1, 1, 4, 0, 4, 1, 1, 0, 4, 4, 1, 1, 1, 1, 4, 4, 4, 4, 1, 4, 4, 4, 1, 4, 4, 4, 4, 4, 1, 4, 1, 0, 1, 4, 1, 4, 0, 1, 4, 4, 4, 4, 0, 4, 1, 4, 4, 1, 4, 4, 0, 1, 1, 4, 1, 1, 1, 1, 0, 4, 1, 4, 1, 4, 1, 4, 4, 1, 1, 4, 4, 1, 1, 0, 4, 4, 4, 1, 1, 4, 4, 1, 1, 1, 1, 1, 1, 1, 1, 0, 4, 1, 1, 4, 1, 1, 4, 1, 4, 1, 4, 4, 1, 1, 1, 0, 0, 4, 0, 1, 4, 1, 4, 0, 1, 1, 1, 4, 4, 4, 4, 4, 4, 4, 1, 1, 1, 4, 0, 1, 0, 4, 1, 0, 0, 0, 1, 1, 1, 1, 1, 4, 4, 4, 1, 0, 1, 1, 1, 0, 4, 1, 4, 1, 1, 1, 4, 4, 1, 4, 1, 1, 1, 4, 4, 4, 1, 1, 1, 1, 1, 1, 0, 4, 4, 4, 4, 1, 1, 1, 4, 4, 1, 1, 1, 4, 1, 4, 0, 4, 4, 1, 1, 4, 1, 1, 4, 1, 1, 1, 4, 4, 1, 1, 1, 4], "counts": {"silent_neurons": 31, "noisy_neurons": 120, "detector_neurons": 105}}, "num_consensus_neurons": 1, "relevant_ratio_threshold": 90.0, "metrics": {"true_positive": 26, "false_positive": 3, "true_negative": 29945, "false_negative": 26, "total_predictions": 30000, "accuracy": 99.90333333333334, "precision": 89.65517241379311, "recall": 50.0, "f1_score": 64.19753086419753, "specificity": 99.98998263657005}}