{"freq_band": "hfo", "confidence_window": 120, "feature_neuron_class": {"array": [4, 4, 0, 4, 1, 4, 0, 4, 4, 0, 4, 4, 4, 4, 4, 1, 4, 4, 4, 4, 4, 4, 0, 4, 4, 4, 4, 0, 4, 1, 0, 1, 4, 1, 4, 4, 4, 4, 0, 4, 4, 4, 0, 4, 4, 0, 1, 4, 4, 1, 4, 4, 4, 0, 4, 4, 1, 0, 4, 4, 1, 1, 1, 4, 4, 4, 4, 4, 4, 4, 4, 4, 4, 4, 4, 4, 4, 4, 4, 4, 1, 0, 4, 4, 1, 4, 0, 1, 4, 4, 4, 4, 0, 4, 1, 4, 4, 1, 4, 4, 0, 1, 4, 4, 1, 1, 1, 4, 0, 4, 4, 4, 4, 4, 4, 4, 4, 4, 4, 4, 4, 1, 1, 0, 4, 4, 4, 4, 1, 4, 4, 1, 1, 4, 4, 1, 4, 1, 4, 0, 4, 1, 4, 4, 4, 1, 4, 4, 4, 1, 4, 4, 4, 1, 1, 0, 0, 4, 0, 4, 4, 4, 4, 0, 1, 4, 4, 4, 4, 4, 4, 4, 4, 4, 4, 1, 1, 4, 0, 4, 0, 4, 1, 0, 0, 0, 4, 1, 1, 4, 4, 4, 4, 4, 4, 0, 4, 4, 1, 0, 4, 1, 4, 1, 4, 1, 4, 4, 1, 4, 4, 1, 4, 4, 4, 4, 4, 4, 1, 4, 1, 4, 0, 4, 4, 4, 4, 4, 1, 4, 4, 4, 4, 4, 4, 4, 1, 4, 0, 4, 4, 4, 4, 4, 4, 1, 4, 4, 4, 1, 4, 4, 4, 1, 4, 4], "counts": {"silent_neurons": 31, "noisy_neurons": 51, "detector_neurons": 174}}, "num_consensus_neurons": 1, "relevant_ratio_threshold": 80.0, "metrics": {"true_positive": 37, "false_positive": 7, "true_negative": 29941, "false_negative": 15, "total_predictions": 30000, "accuracy": 99.92666666666666, "precision": 84.0909090909091, "recall": 71.15384615384616, "f1_score": 77.08333333333334, "specificity": 99.9766261519968}}