{"freq_band": "hfo", "confidence_window": 180, "feature_neuron_class": {"array": [0, 4, 4, 1, 1, 1, 0, 1, 4, 4, 4, 4, 1, 4, 4, 1, 4, 4, 4, 4, 1, 1, 4, 1, 0, 4, 4, 4, 4, 1, 0, 1, 0, 4, 0, 4, 1, 4, 4, 4, 4, 4, 4, 1, 4, 1, 4, 4, 1, 4, 4, 1, 4, 4, 0, 4, 4, 4, 1, 4, 4, 0, 4, 4, 4, 1, 4, 1, 4, 4, 4, 4, 4, 4, 4, 4, 4, 0, 4, 1, 4, 1, 1, 4, 4, 4, 1, 1, 4, 1, 1, 1, 4, 4, 4, 0, 4, 4, 1, 1, 1, 1, 1, 1, 4, 1, 1, 4, 4, 0, 1, 4, 1, 4, 1, 0, 1, 0, 1, 4, 1, 4, 4, 4, 1, 1, 1, 1, 4, 0, 1, 4, 1, 4, 4, 1, 0, 4, 1, 4, 4, 4, 1, 4, 4, 1, 1, 1, 4, 4, 1, 1, 1, 4, 1, 0, 4, 1, 4, 1, 1, 4, 4, 4, 4, 1, 4, 4, 4, 1, 4, 4, 4, 4, 4, 1, 4, 1, 1, 4, 1, 4, 4, 4, 0, 0, 4, 4, 4, 1, 4, 4, 0, 4, 4, 4, 4, 1, 1, 4, 0, 1, 1, 4, 4, 1, 4, 1, 4, 1, 4, 1, 1, 4, 4, 1, 4, 4, 0, 0, 4, 1, 4, 4, 0, 4, 4, 4, 4, 4, 1, 4, 4, 0, 4, 4, 4, 0, 4, 4, 4, 4, 4, 4, 1, 4, 4, 4, 4, 1, 1, 4, 4, 4, 1, 1], "counts": {"silent_neurons": 25, "noisy_neurons": 84, "detector_neurons": 147}}, "num_consensus_neurons": 1, "relevant_ratio_threshold": 90.0, "metrics": {"true_positive": 203, "false_positive": 26, "true_negative": 119752, "false_negative": 19, "total_predictions": 120000, "accuracy": 99.9625, "precision": 88.64628820960698, "recall": 91.44144144144144, "f1_score": 90.02217294900221, "specificity": 99.9782931757084}}