{"freq_band": "hfo", "confidence_window": 180, "feature_neuron_class": {"array": [0, 4, 4, 1, 1, 4, 0, 1, 4, 1, 1, 4, 4, 1, 1, 1, 4, 4, 1, 1, 4, 1, 4, 1, 1, 1, 4, 1, 4, 1, 1, 4, 4, 4, 0, 4, 4, 4, 4, 0, 0, 4, 4, 4, 1, 4, 1, 4, 1, 4, 1, 1, 4, 0, 4, 4, 1, 4, 1, 4, 4, 1, 4, 4, 4, 0, 1, 1, 0, 1, 4, 4, 1, 4, 1, 1, 1, 1, 1, 1, 4, 1, 4, 1, 4, 1, 0, 1, 1, 1, 1, 4, 4, 4, 4, 1, 4, 1, 1, 4, 1, 4, 4, 4, 1, 1, 4, 1, 4, 1, 1, 1, 0, 1, 1, 1, 4, 1, 4, 4, 4, 0, 1, 4, 4, 4, 0, 4, 0, 1, 0, 4, 0, 4, 4, 4, 4, 0, 1, 1, 0, 4, 1, 4, 1, 4, 0, 1, 4, 1, 4, 1, 4, 4, 4, 4, 1, 4, 1, 0, 0, 1, 1, 0, 1, 4, 1, 4, 4, 4, 4, 1, 0, 1, 4, 4, 4, 1, 4, 0, 4, 4, 4, 4, 1, 1, 4, 4, 1, 4, 1, 1, 4, 4, 1, 4, 4, 4, 4, 0, 1, 1, 1, 1, 4, 0, 1, 0, 4, 0, 4, 4, 0, 1, 1, 1, 1, 4, 0, 1, 4, 4, 4, 1, 4, 1, 4, 1, 4, 4, 1, 4, 1, 4, 1, 1, 0, 0, 1, 1, 1, 4, 1, 0, 4, 1, 1, 1, 4, 1, 1, 1, 1, 1, 1, 1], "counts": {"silent_neurons": 32, "noisy_neurons": 111, "detector_neurons": 113}}, "num_consensus_neurons": 1, "relevant_ratio_threshold": 90.0, "metrics": {"true_positive": 203, "false_positive": 27, "true_negative": 119751, "false_negative": 19, "total_predictions": 120000, "accuracy": 99.96166666666667, "precision": 88.26086956521739, "recall": 91.44144144144144, "f1_score": 89.82300884955752, "specificity": 99.97745829785103}}