{"freq_band": "hfo", "confidence_window": 180, "feature_neuron_class": {"array": [4, 4, 4, 4, 4, 4, 4, 4, 4, 4, 0, 4, 4, 0, 4, 4, 4, 4, 1, 4, 4, 4, 4, 4, 1, 4, 4, 4, 1, 4, 1, 1, 4, 4, 1, 0, 4, 1, 4, 4, 4, 4, 4, 1, 0, 1, 4, 4, 4, 1, 4, 4, 0, 0, 4, 4, 0, 4, 4, 0, 4, 0, 4, 4, 4, 1, 4, 0, 4, 0, 0, 1, 4, 4, 4, 4, 4, 4, 4, 0, 4, 4, 4, 4, 4, 4, 1, 4, 0, 4, 1, 4, 4, 1, 4, 4, 1, 1, 4, 1, 4, 4, 4, 4, 4, 1, 4, 4, 4, 4, 4, 4, 0, 4, 4, 4, 4, 4, 0, 4, 4, 4, 4, 1, 4, 4, 4, 4, 4, 4, 0, 4, 4, 4, 4, 0, 4, 4, 0, 4, 4, 1, 4, 4, 4, 4, 1, 4, 4, 1, 4, 4, 4, 0, 1, 4, 4, 4, 4, 4, 4, 4, 4, 4, 4, 1, 4, 4, 4, 4, 0, 4, 4, 4, 4, 4, 0, 1, 4, 0, 4, 4, 4, 0, 4, 4, 1, 4, 4, 1, 4, 4, 4, 4, 4, 4, 4, 4, 0, 4, 1, 1, 4, 4, 4, 4, 0, 0, 1, 4, 4, 1, 4, 4, 1, 1, 1, 4, 0, 4, 4, 4, 1, 4, 4, 1, 0, 0, 4, 4, 4, 4, 4, 0, 1, 4, 4, 0, 4, 4, 4, 4, 1, 4, 1, 4, 4, 4, 4, 4, 4, 4, 4, 4, 4, 1], "counts": {"silent_neurons": 32, "noisy_neurons": 41, "detector_neurons": 183}}, "num_consensus_neurons": 1, "relevant_ratio_threshold": 85.0, "metrics": {"true_positive": 169, "false_positive": 26, "true_negative": 119752, "false_negative": 53, "total_predictions": 120000, "accuracy": 99.93416666666667, "precision": 86.66666666666667, "recall": 76.12612612612612, "f1_score": 81.05515587529976, "specificity": 99.9782931757084}}