{"freq_band": "hfo", "confidence_window": 180, "feature_neuron_class": {"array": [1, 4, 1, 1, 0, 4, 4, 1, 1, 1, 4, 4, 1, 1, 4, 1, 1, 1, 1, 4, 1, 1, 1, 4, 0, 1, 4, 1, 1, 4, 1, 4, 1, 4, 1, 1, 1, 4, 1, 0, 1, 4, 0, 4, 1, 1, 0, 1, 1, 1, 1, 1, 1, 1, 1, 1, 1, 1, 1, 1, 4, 1, 1, 4, 1, 1, 4, 1, 1, 1, 4, 1, 1, 4, 1, 1, 1, 1, 1, 1, 1, 4, 1, 1, 1, 1, 1, 1, 1, 1, 1, 1, 1, 4, 4, 1, 4, 4, 1, 0, 1, 4, 4, 1, 1, 1, 1, 1, 1, 1, 1, 1, 1, 1, 1, 1, 1, 1, 4, 1, 1, 0, 1, 1, 1, 1, 1, 1, 1, 1, 4, 1, 1, 1, 1, 1, 1, 4, 0, 4, 1, 1, 1, 1, 0, 1, 0, 4, 4, 1, 1, 1, 4, 0, 1, 1, 1, 4, 1, 1, 1, 1, 1, 4, 1, 1, 4, 1, 1, 4, 1, 0, 1, 4, 4, 1, 1, 4, 0, 1, 4, 1, 4, 4, 4, 1, 1, 1, 1, 1, 0, 0, 4, 1, 1, 1, 1, 4, 4, 1, 1, 1, 1, 1, 0, 4, 1, 1, 1, 1, 1, 1, 1, 1, 4, 4, 0, 1, 1, 1, 1, 4, 4, 1, 1, 0, 1, 1, 1, 4, 4, 1, 1, 4, 4, 1, 4, 1, 4, 0, 1, 0, 4, 1, 1, 0, 1, 1, 4, 1, 1, 1, 1, 1, 1, 1], "counts": {"silent_neurons": 21, "noisy_neurons": 174, "detector_neurons": 61}}, "num_consensus_neurons": 1, "relevant_ratio_threshold": 90.0, "metrics": {"true_positive": 176, "false_positive": 18, "true_negative": 119760, "false_negative": 46, "total_predictions": 120000, "accuracy": 99.94666666666666, "precision": 90.72164948453609, "recall": 79.27927927927928, "f1_score": 84.61538461538463, "specificity": 99.98497219856735}}