{"freq_band": "hfo", "confidence_window": 180, "feature_neuron_class": {"array": [0, 4, 4, 1, 1, 4, 0, 4, 4, 1, 1, 4, 4, 1, 1, 1, 4, 4, 1, 1, 4, 1, 4, 4, 1, 1, 4, 1, 4, 1, 1, 4, 4, 4, 0, 4, 4, 4, 4, 0, 0, 4, 4, 4, 1, 4, 1, 4, 1, 4, 1, 1, 4, 0, 4, 4, 1, 4, 1, 4, 4, 1, 4, 4, 4, 0, 1, 1, 0, 1, 4, 4, 1, 4, 1, 1, 4, 1, 1, 1, 4, 1, 4, 1, 4, 1, 0, 1, 4, 1, 1, 4, 4, 4, 4, 4, 4, 1, 1, 4, 1, 4, 4, 4, 1, 4, 4, 1, 4, 1, 1, 4, 0, 1, 1, 4, 4, 1, 4, 4, 4, 0, 1, 4, 4, 4, 0, 4, 0, 4, 0, 4, 0, 4, 4, 4, 4, 0, 1, 1, 0, 4, 4, 4, 1, 4, 0, 1, 4, 4, 4, 1, 4, 4, 4, 4, 1, 4, 1, 0, 0, 1, 1, 0, 1, 4, 1, 4, 4, 4, 4, 1, 0, 1, 4, 4, 4, 1, 4, 0, 4, 4, 4, 4, 1, 1, 4, 4, 4, 4, 1, 4, 4, 4, 1, 4, 4, 4, 4, 0, 4, 1, 1, 4, 4, 0, 1, 0, 4, 0, 4, 4, 0, 1, 1, 1, 4, 4, 0, 1, 4, 4, 4, 1, 4, 1, 4, 1, 4, 4, 4, 4, 4, 4, 1, 4, 0, 0, 4, 4, 1, 4, 1, 0, 4, 1, 1, 1, 4, 4, 1, 1, 1, 1, 1, 1], "counts": {"silent_neurons": 32, "noisy_neurons": 89, "detector_neurons": 135}}, "num_consensus_neurons": 1, "relevant_ratio_threshold": 85.0, "metrics": {"true_positive": 208, "false_positive": 47, "true_negative": 119731, "false_negative": 14, "total_predictions": 120000, "accuracy": 99.94916666666667, "precision": 81.56862745098039, "recall": 93.69369369369369, "f1_score": 87.21174004192872, "specificity": 99.96076074070363}}