{"freq_band": "hfo", "confidence_window": 180, "feature_neuron_class": {"array": [0, 1, 1, 1, 1, 1, 0, 1, 1, 4, 1, 1, 1, 1, 4, 1, 4, 4, 4, 4, 1, 1, 1, 1, 0, 4, 1, 1, 4, 1, 0, 1, 0, 4, 0, 4, 1, 1, 4, 4, 4, 4, 4, 1, 4, 1, 1, 4, 1, 4, 1, 1, 4, 1, 0, 1, 4, 1, 1, 4, 1, 0, 4, 4, 4, 1, 4, 1, 4, 4, 4, 4, 1, 4, 4, 4, 4, 0, 4, 1, 4, 1, 1, 4, 4, 1, 1, 1, 4, 1, 1, 1, 4, 4, 1, 0, 1, 4, 1, 1, 1, 1, 1, 1, 4, 1, 1, 1, 4, 0, 1, 4, 1, 4, 1, 0, 1, 0, 1, 4, 1, 1, 4, 4, 1, 1, 1, 1, 4, 0, 1, 1, 1, 4, 4, 1, 0, 1, 1, 4, 4, 4, 1, 4, 4, 1, 1, 1, 4, 1, 1, 1, 1, 4, 1, 0, 4, 1, 4, 1, 1, 1, 1, 1, 4, 1, 1, 4, 4, 1, 4, 4, 4, 1, 4, 1, 1, 1, 1, 4, 1, 4, 4, 4, 0, 0, 1, 1, 4, 1, 4, 4, 0, 4, 1, 1, 4, 1, 1, 4, 0, 1, 1, 4, 4, 1, 4, 1, 1, 1, 4, 1, 1, 1, 4, 1, 4, 4, 0, 0, 4, 1, 1, 4, 0, 4, 4, 4, 1, 4, 1, 4, 4, 0, 4, 4, 4, 0, 4, 4, 4, 4, 4, 1, 1, 1, 1, 4, 1, 1, 1, 1, 4, 4, 1, 1], "counts": {"silent_neurons": 25, "noisy_neurons": 128, "detector_neurons": 103}}, "num_consensus_neurons": 1, "relevant_ratio_threshold": 95.0, "metrics": {"true_positive": 189, "false_positive": 14, "true_negative": 119764, "false_negative": 33, "total_predictions": 120000, "accuracy": 99.96083333333333, "precision": 93.10344827586206, "recall": 85.13513513513513, "f1_score": 88.94117647058823, "specificity": 99.98831170999682}}