{"freq_band": "hfo", "confidence_window": 180, "feature_neuron_class": {"array": [1, 4, 1, 1, 0, 4, 4, 4, 1, 1, 4, 4, 1, 1, 4, 1, 1, 1, 1, 4, 1, 1, 1, 4, 0, 1, 4, 1, 1, 4, 1, 4, 1, 4, 1, 1, 1, 4, 1, 0, 1, 4, 0, 4, 1, 1, 0, 1, 1, 1, 1, 1, 1, 1, 1, 1, 1, 1, 1, 1, 4, 1, 1, 4, 1, 1, 4, 1, 1, 1, 4, 1, 1, 4, 1, 1, 1, 1, 1, 1, 1, 4, 1, 4, 1, 1, 1, 1, 1, 1, 1, 4, 1, 4, 4, 1, 4, 4, 1, 0, 4, 4, 4, 1, 1, 1, 1, 1, 1, 1, 1, 1, 1, 1, 1, 1, 1, 1, 4, 1, 1, 0, 1, 1, 1, 1, 1, 1, 1, 1, 4, 1, 1, 1, 1, 1, 1, 4, 0, 4, 4, 1, 1, 1, 0, 1, 0, 4, 4, 1, 1, 1, 4, 0, 1, 1, 1, 4, 1, 1, 1, 1, 1, 4, 1, 4, 4, 1, 1, 4, 1, 0, 1, 4, 4, 1, 1, 4, 0, 1, 4, 1, 4, 4, 4, 1, 1, 1, 4, 1, 0, 0, 4, 1, 1, 1, 1, 4, 4, 1, 1, 1, 1, 1, 0, 4, 4, 1, 1, 1, 1, 1, 1, 1, 4, 4, 0, 1, 1, 1, 1, 4, 4, 4, 1, 0, 1, 1, 1, 4, 4, 1, 1, 4, 4, 1, 4, 4, 4, 0, 1, 0, 4, 1, 1, 0, 1, 1, 4, 1, 1, 1, 1, 1, 1, 1], "counts": {"silent_neurons": 21, "noisy_neurons": 164, "detector_neurons": 71}}, "num_consensus_neurons": 1, "relevant_ratio_threshold": 85.0, "metrics": {"true_positive": 206, "false_positive": 31, "true_negative": 119747, "false_negative": 16, "total_predictions": 120000, "accuracy": 99.96083333333333, "precision": 86.91983122362869, "recall": 92.7927927927928, "f1_score": 89.76034858387798, "specificity": 99.97411878642156}}