{
    "freq_band": "ripple",
    "confidence_window": 120,
    "feature_neuron_class": {
        "array": [
            1, 1, 1, 1, 1, 1, 1, 2, 1, 1, 1, 1, 2, 2, 2, 2, 2, 1, 2, 2, 1, 2, 1, 0, 2,
            1, 0, 1, 1, 2, 2, 0, 1, 2, 0, 1, 0, 0, 0, 0, 0, 2, 1, 2, 1, 2, 1, 1, 0, 1,
            0, 2, 2, 0, 0, 2, 1, 2, 2, 0, 0, 2, 0, 0, 0, 0, 1, 1, 2, 2, 2, 0, 0, 0, 0,
            2, 1, 0, 0, 0, 2, 0, 0, 0, 0, 0, 0, 2, 0, 0, 0, 0, 1, 0, 0, 0, 0, 1, 0, 0,
            2, 2, 1, 0, 0, 1, 0, 2, 1, 0, 0, 0, 2, 2, 0, 0, 2, 2, 0, 0, 2, 0, 0, 0, 0,
            0, 2, 1, 0, 0, 0, 0, 0, 0, 1, 2, 0, 0, 2, 0, 2, 0, 0, 0, 0, 0, 0, 2, 0, 2,
            0, 2, 0, 0, 0, 0, 0, 0, 0, 0, 0, 2, 0, 0, 2, 0, 0, 0, 0, 0, 0, 0, 0, 0, 0,
            0, 0, 0, 0, 0, 0, 0, 0, 0, 2, 0, 0, 0, 2, 0, 1, 2, 0, 0, 0, 0, 0, 0, 2, 2,
            0, 0, 0, 0, 0, 2, 0, 0, 0, 2, 0, 2, 0, 0, 0, 2, 2, 0, 0, 2, 2, 1, 2, 0, 0,
            0, 0, 0, 0, 0, 0, 0, 2, 0, 0, 0, 0, 0, 0, 0, 0, 0, 0, 0, 0, 0, 0, 2, 0, 0,
            0, 0, 1, 0, 0, 0
        ],
        "counts": {
            "silent_neurons": 158,
            "noisy_neurons": 38,
            "detector_neurons": 60
        }
    },
    "num_consensus_neurons": 1,
    "metrics": {
        "true_positive": 40,
        "false_positive": 1,
        "true_negative": 29947,
        "false_negative": 12,
        "total_predictions": 30000,
        "accuracy": 99.95666666666668,
        "precision": 97.5609756097561,
        "recall": 76.92307692307693,
        "f1_score": 86.0215053763441,
        "specificity": 99.99666087885669
    }
}