{"freq_band": "ripple", "confidence_window": 180, "feature_neuron_class": {"array": [2, 2, 1, 1, 1, 2, 1, 2, 1, 0, 0, 2, 1, 1, 1, 1, 1, 0, 1, 1, 2, 1, 1, 1, 1, 1, 0, 1, 2, 2, 1, 1, 1, 2, 1, 0, 1, 1, 1, 2, 2, 2, 2, 1, 0, 0, 1, 2, 2, 1, 1, 1, 1, 2, 2, 1, 2, 1, 2, 0, 1, 2, 0, 1, 2, 2, 2, 2, 2, 2, 2, 0, 1, 0, 2, 1, 2, 1, 1, 1, 2, 1, 1, 2, 1, 2, 2, 2, 0, 2, 1, 2, 1, 1, 2, 1, 1, 1, 2, 1, 2, 2, 1, 0, 2, 1, 2, 2, 2, 2, 0, 1, 2, 2, 2, 2, 2, 0, 0, 2, 1, 1, 1, 0, 2, 2, 2, 1, 2, 2, 2, 1, 0, 1, 1, 2, 2, 0, 2, 0, 0, 1, 2, 1, 1, 1, 2, 1, 2, 1, 2, 2, 1, 1, 1, 2, 1, 2, 1, 1, 2, 0, 1, 1, 2, 2, 2, 1, 1, 2, 2, 1, 1, 1, 2, 1, 2, 1, 1, 2, 2, 1, 1, 2, 1, 1, 1, 2, 1, 2, 2, 2, 2, 1, 2, 0, 2, 1, 2, 0, 2, 2, 2, 1, 0, 2, 2, 2, 1, 1, 1, 1, 2, 1, 1, 1, 2, 2, 2, 2, 2, 2, 2, 1, 2, 2, 2, 0, 2, 1, 2, 1, 0, 0, 2, 1, 2, 1, 0, 2, 2, 1, 1, 1, 1, 1, 2, 0, 1, 1, 2, 1, 1, 0, 2, 0], "counts": {"silent_neurons": 32, "noisy_neurons": 112, "detector_neurons": 112}}, "num_consensus_neurons": 1, "relevant_ratio_threshold": 96.0, "metrics": {"true_positive": 195, "false_positive": 10, "true_negative": 119793, "false_negative": 2, "total_predictions": 120000, "accuracy": 99.99, "precision": 95.1219512195122, "recall": 98.98477157360406, "f1_score": 97.01492537313433, "specificity": 99.99165296361527}}