{"freq_band": "ripple", "confidence_window": 180, "feature_neuron_class": {"array": [2, 2, 1, 1, 1, 2, 2, 2, 1, 0, 0, 2, 2, 2, 1, 1, 1, 0, 2, 1, 2, 1, 2, 1, 1, 2, 0, 1, 2, 2, 1, 2, 1, 2, 1, 0, 1, 1, 1, 2, 2, 2, 2, 1, 0, 0, 1, 2, 2, 1, 1, 1, 2, 2, 2, 2, 2, 2, 2, 0, 2, 2, 0, 1, 2, 2, 2, 2, 2, 2, 2, 0, 1, 0, 2, 1, 2, 2, 1, 1, 2, 1, 2, 2, 1, 2, 2, 2, 0, 2, 2, 2, 2, 2, 2, 2, 1, 1, 2, 2, 2, 2, 1, 0, 2, 1, 2, 2, 2, 2, 0, 2, 2, 2, 2, 2, 2, 0, 0, 2, 2, 1, 2, 0, 2, 2, 2, 1, 2, 2, 2, 1, 0, 1, 2, 2, 2, 0, 2, 0, 0, 2, 2, 2, 2, 1, 2, 2, 2, 2, 2, 2, 1, 2, 2, 2, 2, 2, 1, 1, 2, 0, 2, 1, 2, 2, 2, 2, 1, 2, 2, 1, 2, 2, 2, 1, 2, 1, 2, 2, 2, 1, 1, 2, 2, 1, 2, 2, 2, 2, 2, 2, 2, 1, 2, 0, 2, 2, 2, 0, 2, 2, 2, 1, 0, 2, 2, 2, 1, 2, 1, 1, 2, 2, 2, 2, 2, 2, 2, 2, 2, 2, 2, 1, 2, 2, 2, 0, 2, 2, 2, 1, 0, 0, 2, 2, 2, 1, 0, 2, 2, 1, 2, 1, 1, 1, 2, 0, 1, 2, 2, 1, 2, 0, 2, 0], "counts": {"silent_neurons": 32, "noisy_neurons": 64, "detector_neurons": 160}}, "num_consensus_neurons": 1, "relevant_ratio_threshold": 85.0, "metrics": {"true_positive": 195, "false_positive": 39, "true_negative": 119764, "false_negative": 2, "total_predictions": 120000, "accuracy": 99.96583333333334, "precision": 83.33333333333334, "recall": 98.98477157360406, "f1_score": 90.48723897911833, "specificity": 99.96744655809955}}