{"freq_band": "ripple", "confidence_window": 180, "feature_neuron_class": {"array": [2, 2, 1, 1, 1, 2, 2, 2, 1, 0, 0, 2, 1, 1, 1, 1, 1, 0, 1, 1, 2, 1, 2, 1, 1, 1, 0, 1, 2, 2, 1, 1, 1, 2, 1, 0, 1, 1, 1, 2, 2, 2, 2, 1, 0, 0, 1, 2, 2, 1, 1, 1, 2, 2, 2, 2, 2, 1, 2, 0, 1, 2, 0, 1, 2, 2, 2, 2, 2, 2, 2, 0, 1, 0, 2, 1, 2, 1, 1, 1, 2, 1, 1, 2, 1, 2, 2, 2, 0, 2, 1, 2, 2, 1, 2, 1, 1, 1, 2, 1, 2, 2, 1, 0, 2, 1, 2, 2, 2, 2, 0, 1, 2, 2, 2, 2, 2, 0, 0, 2, 1, 1, 1, 0, 2, 2, 2, 1, 2, 2, 2, 1, 0, 1, 1, 2, 2, 0, 2, 0, 0, 1, 2, 2, 1, 1, 2, 2, 2, 1, 2, 2, 1, 1, 2, 2, 1, 2, 1, 1, 2, 0, 1, 1, 2, 2, 2, 1, 1, 2, 2, 1, 2, 1, 2, 1, 2, 1, 1, 2, 2, 1, 1, 2, 1, 1, 1, 2, 1, 2, 2, 2, 2, 1, 2, 0, 2, 1, 2, 0, 2, 2, 2, 1, 0, 2, 2, 2, 1, 1, 1, 1, 2, 2, 1, 1, 2, 2, 2, 2, 2, 2, 2, 1, 2, 2, 2, 0, 2, 2, 2, 1, 0, 0, 2, 2, 2, 1, 0, 2, 2, 1, 2, 1, 1, 1, 2, 0, 1, 1, 2, 1, 1, 0, 2, 0], "counts": {"silent_neurons": 32, "noisy_neurons": 99, "detector_neurons": 125}}, "num_consensus_neurons": 1, "relevant_ratio_threshold": 95.0, "metrics": {"true_positive": 195, "false_positive": 13, "true_negative": 119790, "false_negative": 2, "total_predictions": 120000, "accuracy": 99.9875, "precision": 93.75, "recall": 98.98477157360406, "f1_score": 96.2962962962963, "specificity": 99.98914885269986}}