{"freq_band": "ripple", "confidence_window": 180, "feature_neuron_class": {"array": [1, 1, 2, 1, 2, 1, 1, 2, 1, 1, 2, 1, 2, 2, 0, 0, 1, 1, 1, 2, 2, 1, 1, 2, 1, 1, 1, 1, 1, 0, 1, 0, 1, 1, 2, 1, 1, 1, 0, 0, 0, 2, 1, 0, 1, 2, 1, 1, 1, 2, 1, 1, 1, 1, 1, 0, 1, 1, 1, 1, 2, 2, 2, 1, 2, 2, 2, 1, 1, 1, 0, 2, 1, 1, 1, 1, 2, 2, 1, 1, 2, 1, 1, 2, 2, 1, 2, 1, 2, 2, 2, 1, 2, 2, 1, 1, 2, 2, 2, 1, 1, 2, 1, 1, 1, 2, 2, 1, 2, 1, 1, 1, 1, 2, 1, 0, 1, 0, 1, 0, 2, 2, 1, 2, 0, 1, 1, 0, 1, 1, 2, 2, 1, 1, 1, 2, 1, 2, 2, 2, 1, 2, 2, 2, 1, 2, 0, 2, 1, 1, 2, 2, 2, 2, 0, 2, 1, 2, 1, 2, 2, 2, 2, 1, 0, 2, 1, 0, 1, 1, 1, 1, 2, 1, 1, 1, 1, 1, 2, 2, 1, 0, 1, 2, 1, 2, 1, 1, 1, 1, 2, 0, 2, 2, 1, 1, 1, 1, 1, 1, 1, 1, 1, 1, 1, 2, 1, 1, 1, 2, 2, 2, 1, 1, 2, 1, 1, 1, 1, 2, 2, 1, 0, 0, 2, 2, 1, 2, 1, 1, 1, 2, 2, 2, 0, 1, 2, 1, 0, 1, 1, 1, 2, 2, 1, 2, 1, 1, 1, 2, 1, 2, 2, 2, 1, 2], "counts": {"silent_neurons": 25, "noisy_neurons": 137, "detector_neurons": 94}}, "num_consensus_neurons": 1, "relevant_ratio_threshold": 95.0, "metrics": {"true_positive": 45, "false_positive": 5, "true_negative": 29948, "false_negative": 2, "total_predictions": 30000, "accuracy": 99.97666666666667, "precision": 90.0, "recall": 95.74468085106383, "f1_score": 92.78350515463919, "specificity": 99.98330718125062}}