{
    "freq_band": "ripple",
    "confidence_window": 180,
    "feature_neuron_class": {
        "array": [
            2, 1, 2, 1, 2, 2, 2, 2, 2, 2, 2, 2, 2, 2, 1, 2, 1, 1, 1, 1, 0, 2, 2, 2, 1,
            2, 2, 2, 1, 1, 1, 2, 2, 1, 1, 2, 1, 2, 0, 1, 0, 1, 2, 2, 2, 2, 2, 1, 0, 1,
            2, 1, 2, 1, 2, 2, 1, 1, 1, 2, 1, 1, 2, 2, 2, 2, 1, 2, 2, 2, 2, 2, 1, 1, 0,
            2, 2, 1, 1, 1, 2, 2, 1, 2, 2, 2, 1, 2, 1, 2, 1, 2, 1, 2, 2, 1, 1, 1, 2, 0,
            0, 1, 1, 1, 1, 2, 2, 1, 0, 0, 1, 1, 1, 2, 1, 1, 1, 1, 2, 1, 1, 0, 2, 2, 2,
            2, 0, 2, 2, 2, 0, 2, 2, 1, 2, 2, 1, 2, 1, 2, 1, 2, 1, 1, 1, 2, 1, 1, 0, 2,
            2, 2, 2, 2, 2, 2, 0, 2, 2, 2, 1, 1, 1, 2, 2, 2, 1, 1, 0, 2, 1, 2, 2, 1, 2,
            1, 2, 2, 1, 2, 2, 2, 1, 2, 2, 1, 1, 0, 1, 2, 1, 2, 2, 2, 2, 1, 1, 2, 2, 2,
            1, 1, 2, 2, 2, 2, 1, 1, 1, 2, 2, 1, 1, 2, 2, 1, 2, 1, 2, 1, 2, 2, 2, 2, 2,
            2, 0, 1, 2, 1, 2, 2, 1, 0, 1, 1, 1, 0, 1, 2, 1, 2, 1, 0, 1, 2, 2, 2, 2, 2,
            2, 2, 2, 1, 1, 2
        ],
        "counts": {
            "silent_neurons": 20,
            "noisy_neurons": 100,
            "detector_neurons": 136
        }
    },
    "num_consensus_neurons": 1,
    "relevant_ratio_threshold": 95.0,
    "metrics": {
        "true_positive": 192,
        "false_positive": 10,
        "true_negative": 119793,
        "false_negative": 5,
        "total_predictions": 120000,
        "accuracy": 99.9875,
        "precision": 95.04950495049505,
        "recall": 97.46192893401016,
        "f1_score": 96.24060150375941,
        "specificity": 99.99165296361527
    }
}