{
    "freq_band": "ripple",
    "confidence_window": 120,
    "feature_neuron_class": {
        "array": [
            1, 1, 1, 1, 1, 1, 1, 2, 1, 2, 1, 1, 2, 1, 2, 1, 2, 1, 1, 1, 1, 1, 1, 1, 1,
            1, 1, 1, 1, 0, 1, 1, 1, 1, 1, 1, 1, 0, 0, 1, 0, 1, 1, 1, 1, 2, 0, 0, 1, 2,
            1, 1, 2, 1, 1, 1, 1, 1, 1, 1, 0, 1, 0, 1, 1, 0, 0, 1, 2, 0, 0, 1, 0, 1, 1,
            2, 1, 1, 1, 1, 0, 2, 1, 2, 1, 1, 1, 1, 1, 1, 1, 0, 1, 0, 1, 1, 1, 1, 2, 0,
            0, 1, 1, 0, 0, 2, 1, 2, 1, 1, 0, 1, 0, 1, 1, 0, 0, 0, 0, 1, 0, 0, 0, 2, 0,
            0, 0, 1, 1, 0, 0, 0, 0, 0, 0, 1, 2, 0, 0, 0, 0, 0, 0, 0, 0, 2, 0, 0, 0, 0,
            1, 0, 0, 0, 2, 1, 1, 0, 0, 0, 1, 0, 0, 0, 1, 0, 0, 0, 0, 1, 1, 2, 0, 0, 0,
            1, 0, 1, 0, 0, 1, 2, 1, 0, 0, 0, 0, 1, 0, 1, 0, 0, 1, 0, 0, 0, 0, 0, 1, 0,
            1, 0, 0, 1, 0, 0, 1, 2, 0, 0, 0, 0, 0, 0, 0, 0, 0, 1, 1, 1, 1, 0, 2, 0, 0,
            2, 0, 0, 0, 0, 0, 1, 1, 0, 0, 0, 0, 0, 0, 0, 0, 0, 1, 0, 0, 0, 2, 1, 1, 1,
            0, 0, 1, 1, 0, 1
        ],
        "counts": {
            "silent_neurons": 118,
            "noisy_neurons": 113,
            "detector_neurons": 25
        }
    },
    "num_consensus_neurons": 1,
    "metrics": {
        "true_positive": 34,
        "false_positive": 2,
        "true_negative": 29946,
        "false_negative": 18,
        "total_predictions": 30000,
        "accuracy": 99.93333333333332,
        "precision": 94.44444444444444,
        "recall": 65.38461538461539,
        "f1_score": 77.27272727272728,
        "specificity": 99.99332175771337
    }
}