{
    "freq_band": "ripple",
    "confidence_window": 120,
    "feature_neuron_class": {
        "array": [
            2, 2, 2, 1, 1, 1, 1, 1, 2, 2, 2, 1, 2, 1, 1, 1, 1, 2, 1, 1, 2, 2, 2, 1, 2,
            1, 2, 2, 2, 2, 1, 1, 2, 1, 1, 1, 1, 1, 1, 1, 1, 1, 2, 2, 1, 1, 1, 1, 1, 2,
            1, 2, 1, 2, 0, 2, 1, 1, 2, 2, 1, 2, 1, 2, 2, 2, 2, 2, 2, 1, 2, 2, 1, 1, 0,
            1, 1, 2, 2, 1, 1, 2, 1, 2, 1, 1, 1, 1, 1, 2, 2, 2, 2, 2, 2, 1, 1, 1, 1, 2,
            1, 2, 1, 1, 2, 2, 1, 1, 2, 0, 1, 2, 2, 2, 2, 1, 1, 2, 1, 1, 2, 1, 2, 1, 1,
            2, 1, 2, 1, 2, 1, 2, 1, 1, 1, 1, 1, 2, 2, 2, 2, 1, 2, 1, 2, 2, 1, 1, 2, 1,
            2, 1, 1, 1, 2, 2, 1, 1, 1, 0, 2, 1, 2, 2, 2, 1, 1, 1, 2, 2, 1, 1, 2, 1, 2,
            1, 2, 1, 2, 1, 2, 1, 1, 2, 2, 1, 1, 1, 1, 2, 1, 1, 2, 1, 2, 0, 1, 2, 1, 2,
            2, 2, 2, 2, 2, 2, 2, 1, 1, 1, 1, 2, 0, 1, 2, 2, 2, 2, 2, 2, 1, 1, 2, 1, 1,
            1, 2, 2, 2, 2, 0, 1, 2, 2, 1, 0, 1, 1, 2, 1, 1, 1, 2, 1, 1, 1, 1, 1, 2, 1,
            0, 1, 2, 1, 2, 2
        ],
        "counts": {
            "silent_neurons": 9,
            "noisy_neurons": 131,
            "detector_neurons": 116
        }
    },
    "num_consensus_neurons": 2,
    "metrics": {
        "true_positive": 34,
        "false_positive": 6,
        "true_negative": 29942,
        "false_negative": 18,
        "total_predictions": 30000,
        "accuracy": 99.92,
        "precision": 85.0,
        "recall": 65.38461538461539,
        "f1_score": 73.91304347826087,
        "specificity": 99.97996527314011
    }
}