{"freq_band": "ripple", "confidence_window": 120, "feature_neuron_class": {"array": [2, 2, 2, 2, 2, 2, 2, 2, 2, 2, 2, 1, 2, 1, 1, 1, 2, 2, 0, 1, 2, 2, 2, 2, 1, 1, 2, 2, 2, 2, 0, 2, 2, 2, 2, 1, 2, 2, 1, 2, 2, 2, 2, 2, 1, 2, 1, 2, 1, 1, 1, 1, 2, 2, 2, 2, 2, 2, 2, 0, 1, 1, 1, 2, 1, 2, 1, 2, 2, 2, 2, 2, 2, 1, 2, 2, 1, 2, 2, 1, 2, 1, 2, 2, 2, 2, 2, 2, 2, 2, 1, 1, 2, 0, 0, 2, 0, 2, 2, 2, 2, 2, 2, 2, 2, 2, 1, 2, 1, 2, 1, 2, 1, 1, 1, 2, 2, 2, 2, 2, 1, 2, 2, 2, 1, 2, 2, 2, 2, 1, 2, 0, 2, 1, 2, 1, 1, 0, 2, 1, 2, 2, 2, 2, 2, 2, 2, 1, 2, 2, 1, 2, 1, 2, 2, 2, 2, 2, 2, 2, 2, 0, 2, 2, 2, 2, 1, 2, 2, 2, 2, 2, 2, 2, 1, 2, 2, 2, 2, 2, 2, 2, 2, 2, 2, 2, 2, 2, 2, 2, 1, 2, 1, 2, 0, 2, 2, 2, 1, 1, 2, 0, 2, 2, 2, 1, 2, 2, 0, 1, 1, 2, 0, 2, 2, 1, 1, 2, 2, 1, 2, 2, 2, 2, 2, 1, 2, 2, 0, 2, 2, 0, 2, 1, 0, 2, 2, 2, 2, 1, 2, 2, 1, 2, 2, 1, 1, 1, 2, 2, 0, 1, 1, 2, 2, 2], "counts": {"silent_neurons": 17, "noisy_neurons": 63, "detector_neurons": 176}}, "num_consensus_neurons": 1, "relevant_ratio_threshold": 95.0, "metrics": {"true_positive": 183, "false_positive": 10, "true_negative": 119793, "false_negative": 14, "total_predictions": 120000, "accuracy": 99.98, "precision": 94.81865284974094, "recall": 92.89340101522842, "f1_score": 93.84615384615384, "specificity": 99.99165296361527}}