{
    "freq_band": "ripple",
    "confidence_window": 180,
    "feature_neuron_class": {
        "array": [
            2, 1, 2, 2, 2, 2, 2, 2, 2, 2, 2, 2, 2, 2, 1, 2, 2, 1, 2, 2, 0, 2, 2, 2, 2,
            2, 2, 2, 1, 2, 2, 2, 2, 1, 2, 2, 1, 2, 0, 2, 0, 2, 2, 2, 2, 2, 2, 1, 0, 1,
            2, 2, 2, 1, 2, 2, 1, 1, 1, 2, 2, 1, 2, 2, 2, 2, 1, 2, 2, 2, 2, 2, 2, 2, 0,
            2, 2, 1, 2, 1, 2, 2, 2, 2, 2, 2, 1, 2, 2, 2, 1, 2, 2, 2, 2, 1, 1, 1, 2, 0,
            0, 2, 1, 1, 1, 2, 2, 1, 0, 0, 1, 1, 2, 2, 2, 2, 1, 2, 2, 1, 2, 0, 2, 2, 2,
            2, 0, 2, 2, 2, 0, 2, 2, 1, 2, 2, 1, 2, 2, 2, 1, 2, 1, 1, 2, 2, 1, 1, 0, 2,
            2, 2, 2, 2, 2, 2, 0, 2, 2, 2, 2, 2, 1, 2, 2, 2, 1, 1, 0, 2, 1, 2, 2, 1, 2,
            1, 2, 2, 1, 2, 2, 2, 2, 2, 2, 1, 2, 0, 1, 2, 2, 2, 2, 2, 2, 1, 2, 2, 2, 2,
            2, 2, 2, 2, 2, 2, 1, 2, 2, 2, 2, 2, 1, 2, 2, 2, 2, 1, 2, 2, 2, 2, 2, 2, 2,
            2, 0, 2, 2, 1, 2, 2, 2, 0, 1, 1, 2, 0, 1, 2, 2, 2, 2, 0, 2, 2, 2, 2, 2, 2,
            2, 2, 2, 2, 1, 2
        ],
        "counts": {
            "silent_neurons": 20,
            "noisy_neurons": 54,
            "detector_neurons": 182
        }
    },
    "num_consensus_neurons": 1,
    "relevant_ratio_threshold": 85.0,
    "metrics": {
        "true_positive": 196,
        "false_positive": 44,
        "true_negative": 119759,
        "false_negative": 1,
        "total_predictions": 120000,
        "accuracy": 99.9625,
        "precision": 81.66666666666667,
        "recall": 99.49238578680203,
        "f1_score": 89.7025171624714,
        "specificity": 99.96327303990718
    }
}