{
    "freq_band": "ripple",
    "confidence_window": 120,
    "feature_neuron_class": {
        "array": [
            1, 1, 1, 1, 1, 1, 1, 1, 1, 1, 1, 1, 1, 1, 1, 1, 1, 1, 1, 1, 1, 1, 1, 2, 1,
            1, 1, 1, 1, 2, 2, 2, 1, 1, 1, 1, 2, 1, 1, 1, 2, 1, 1, 1, 1, 0, 0, 1, 1, 0,
            1, 1, 1, 0, 1, 1, 0, 1, 0, 1, 1, 1, 1, 1, 1, 1, 1, 1, 0, 0, 0, 0, 1, 1, 1,
            2, 0, 1, 0, 2, 0, 0, 0, 1, 1, 1, 1, 1, 0, 1, 1, 1, 1, 0, 2, 1, 0, 0, 2, 0,
            0, 1, 1, 0, 2, 2, 0, 1, 0, 0, 0, 0, 0, 0, 0, 0, 1, 2, 0, 0, 1, 1, 0, 1, 1,
            1, 0, 1, 1, 1, 0, 1, 2, 1, 0, 1, 0, 1, 0, 0, 1, 1, 2, 1, 0, 0, 0, 1, 1, 2,
            1, 1, 1, 0, 2, 1, 0, 0, 0, 1, 1, 1, 1, 1, 0, 0, 0, 1, 0, 2, 0, 0, 0, 0, 0,
            1, 0, 1, 0, 1, 1, 0, 1, 1, 0, 1, 0, 0, 2, 0, 0, 2, 1, 1, 1, 0, 1, 1, 2, 2,
            0, 1, 0, 1, 0, 0, 0, 1, 0, 1, 1, 0, 0, 2, 0, 1, 0, 0, 1, 1, 0, 0, 1, 0, 0,
            0, 0, 0, 0, 1, 0, 2, 1, 0, 0, 1, 1, 0, 1, 0, 0, 0, 0, 2, 0, 0, 0, 1, 0, 0,
            0, 1, 0, 0, 0, 0
        ],
        "counts": {
            "silent_neurons": 102,
            "noisy_neurons": 129,
            "detector_neurons": 25
        }
    },
    "num_consensus_neurons": 1,
    "metrics": {
        "true_positive": 34,
        "false_positive": 0,
        "true_negative": 29948,
        "false_negative": 18,
        "total_predictions": 30000,
        "accuracy": 99.94,
        "precision": 100.0,
        "recall": 65.38461538461539,
        "f1_score": 79.06976744186048,
        "specificity": 100.0
    }
}