{"freq_band": "ripple", "confidence_window": 180, "feature_neuron_class": {"array": [0, 2, 0, 2, 0, 0, 1, 0, 2, 2, 2, 2, 2, 2, 2, 0, 2, 2, 1, 2, 1, 2, 1, 1, 2, 2, 0, 2, 2, 0, 2, 2, 1, 1, 2, 2, 2, 2, 1, 2, 2, 2, 2, 1, 1, 1, 2, 2, 2, 1, 2, 2, 1, 1, 2, 2, 2, 1, 2, 1, 2, 2, 0, 2, 2, 1, 2, 2, 2, 1, 2, 2, 2, 2, 0, 2, 2, 0, 2, 2, 2, 2, 2, 1, 1, 2, 2, 2, 1, 2, 2, 2, 2, 2, 0, 2, 2, 1, 2, 2, 1, 1, 2, 2, 2, 0, 2, 1, 2, 2, 2, 1, 2, 1, 2, 0, 2, 1, 0, 1, 1, 2, 2, 2, 2, 0, 2, 0, 2, 2, 2, 2, 2, 2, 2, 1, 1, 0, 1, 1, 1, 2, 2, 2, 2, 2, 2, 1, 2, 1, 2, 2, 2, 2, 2, 2, 2, 2, 1, 2, 1, 0, 2, 2, 2, 1, 2, 0, 2, 2, 0, 2, 2, 2, 2, 2, 1, 2, 2, 2, 2, 2, 2, 2, 2, 2, 0, 1, 2, 2, 2, 1, 1, 0, 2, 0, 2, 1, 2, 2, 2, 2, 2, 1, 2, 0, 0, 2, 2, 1, 2, 2, 2, 1, 1, 2, 2, 2, 1, 1, 2, 2, 1, 2, 1, 1, 2, 1, 1, 0, 2, 2, 0, 2, 2, 1, 1, 2, 0, 2, 1, 0, 2, 2, 2, 2, 2, 2, 2, 2, 1, 2, 2, 1, 2, 0], "counts": {"silent_neurons": 31, "noisy_neurons": 61, "detector_neurons": 164}}, "num_consensus_neurons": 1, "relevant_ratio_threshold": 90.0, "metrics": {"true_positive": 195, "false_positive": 26, "true_negative": 119777, "false_negative": 2, "total_predictions": 120000, "accuracy": 99.97666666666667, "precision": 88.23529411764706, "recall": 98.98477157360406, "f1_score": 93.30143540669856, "specificity": 99.9782977053997}}