{"freq_band": "ripple", "confidence_window": 180, "feature_neuron_class": {"array": [2, 2, 1, 1, 1, 2, 1, 2, 1, 0, 0, 2, 1, 1, 1, 1, 1, 0, 1, 1, 2, 1, 1, 1, 1, 1, 0, 1, 1, 2, 1, 1, 1, 2, 1, 0, 1, 1, 1, 2, 2, 2, 2, 1, 0, 0, 1, 2, 2, 1, 1, 1, 1, 2, 2, 1, 2, 1, 2, 0, 1, 2, 0, 1, 2, 1, 2, 2, 2, 2, 2, 0, 1, 0, 2, 1, 2, 1, 1, 1, 2, 1, 1, 2, 1, 1, 2, 2, 0, 2, 1, 2, 1, 1, 2, 1, 1, 1, 2, 1, 2, 2, 1, 0, 2, 1, 2, 2, 2, 2, 0, 1, 2, 2, 2, 2, 2, 0, 0, 2, 1, 1, 1, 0, 2, 2, 2, 1, 2, 2, 2, 1, 0, 1, 1, 2, 2, 0, 2, 0, 0, 1, 2, 1, 1, 1, 2, 1, 2, 1, 2, 2, 1, 1, 1, 2, 1, 2, 1, 1, 1, 0, 1, 1, 2, 2, 2, 1, 1, 2, 2, 1, 1, 1, 2, 1, 2, 1, 1, 2, 2, 1, 1, 2, 1, 1, 1, 2, 1, 2, 2, 1, 2, 1, 2, 0, 2, 1, 2, 0, 2, 2, 2, 1, 0, 2, 2, 2, 1, 1, 1, 1, 1, 1, 1, 1, 2, 2, 2, 2, 1, 2, 2, 1, 2, 2, 2, 0, 2, 1, 2, 1, 0, 0, 2, 1, 2, 1, 0, 2, 2, 1, 1, 1, 1, 1, 2, 0, 1, 1, 2, 1, 1, 0, 2, 0], "counts": {"silent_neurons": 32, "noisy_neurons": 119, "detector_neurons": 105}}, "num_consensus_neurons": 1, "relevant_ratio_threshold": 97.0, "metrics": {"true_positive": 193, "false_positive": 8, "true_negative": 119795, "false_negative": 4, "total_predictions": 120000, "accuracy": 99.99, "precision": 96.01990049751244, "recall": 97.96954314720813, "f1_score": 96.98492462311559, "specificity": 99.99332237089222}}