{"freq_band": "ripple", "confidence_window": 180, "feature_neuron_class": {"array": [1, 2, 2, 2, 1, 1, 1, 2, 2, 2, 2, 2, 1, 2, 2, 2, 2, 2, 0, 2, 2, 2, 1, 1, 2, 2, 2, 2, 1, 2, 2, 2, 0, 2, 2, 1, 2, 1, 1, 1, 1, 2, 0, 2, 2, 0, 1, 2, 1, 2, 2, 1, 1, 2, 2, 2, 2, 2, 1, 2, 1, 2, 2, 2, 2, 2, 2, 2, 2, 2, 2, 1, 2, 2, 1, 2, 2, 2, 1, 2, 2, 2, 1, 2, 1, 2, 2, 2, 2, 1, 2, 2, 1, 2, 2, 2, 2, 2, 2, 0, 2, 2, 2, 1, 2, 2, 2, 2, 1, 2, 2, 2, 2, 2, 1, 2, 2, 2, 1, 1, 2, 2, 2, 2, 2, 2, 2, 0, 1, 2, 1, 2, 2, 2, 2, 2, 0, 2, 2, 1, 2, 1, 2, 2, 2, 0, 2, 2, 0, 2, 2, 2, 2, 2, 2, 2, 2, 1, 0, 1, 1, 2, 2, 2, 1, 2, 1, 2, 2, 2, 1, 2, 2, 2, 0, 2, 2, 2, 2, 2, 2, 1, 2, 1, 0, 2, 1, 1, 2, 2, 2, 2, 2, 2, 1, 2, 2, 1, 2, 1, 2, 1, 2, 2, 1, 0, 2, 1, 1, 2, 2, 2, 2, 2, 1, 1, 1, 2, 2, 2, 2, 2, 1, 2, 2, 1, 1, 2, 2, 2, 1, 2, 1, 2, 1, 0, 1, 1, 1, 2, 1, 1, 2, 2, 2, 1, 1, 2, 1, 2, 2, 2, 2, 2, 0, 2], "counts": {"silent_neurons": 15, "noisy_neurons": 69, "detector_neurons": 172}}, "num_consensus_neurons": 1, "relevant_ratio_threshold": 95.0, "metrics": {"true_positive": 185, "false_positive": 11, "true_negative": 119792, "false_negative": 12, "total_predictions": 120000, "accuracy": 99.98083333333334, "precision": 94.38775510204081, "recall": 93.90862944162437, "f1_score": 94.14758269720103, "specificity": 99.9908182599768}}