{"freq_band": "ripple", "confidence_window": 120, "feature_neuron_class": {"array": [1, 1, 1, 1, 1, 1, 0, 1, 1, 1, 1, 1, 2, 1, 1, 1, 1, 0, 2, 1, 1, 1, 0, 1, 1, 1, 1, 2, 1, 1, 1, 1, 2, 1, 1, 0, 1, 1, 1, 1, 1, 1, 1, 1, 1, 1, 1, 1, 2, 1, 1, 1, 2, 1, 2, 1, 0, 1, 2, 2, 0, 1, 1, 0, 0, 1, 1, 0, 0, 2, 2, 1, 2, 1, 1, 1, 1, 2, 2, 2, 0, 1, 1, 2, 2, 2, 0, 1, 1, 1, 1, 1, 2, 1, 0, 1, 1, 1, 1, 1, 1, 1, 1, 1, 2, 1, 1, 1, 0, 2, 1, 2, 1, 1, 1, 2, 1, 1, 1, 2, 1, 0, 1, 2, 2, 1, 1, 1, 1, 2, 1, 1, 1, 1, 1, 1, 1, 1, 2, 1, 1, 1, 1, 2, 0, 1, 1, 1, 1, 1, 2, 2, 1, 1, 1, 1, 2, 1, 1, 2, 1, 1, 2, 1, 2, 1, 2, 2, 1, 1, 1, 1, 1, 1, 2, 1, 0, 2, 1, 2, 1, 2, 2, 1, 1, 2, 2, 0, 1, 1, 1, 0, 2, 2, 2, 1, 1, 1, 1, 1, 1, 1, 1, 1, 1, 0, 1, 1, 1, 0, 1, 1, 1, 1, 1, 2, 2, 2, 1, 1, 1, 1, 1, 1, 1, 2, 0, 1, 1, 0, 1, 2, 1, 1, 1, 1, 0, 2, 1, 1, 1, 1, 2, 1, 1, 2, 1, 2, 1, 0, 1, 1, 1, 2, 2, 1], "counts": {"silent_neurons": 25, "noisy_neurons": 173, "detector_neurons": 58}}, "num_consensus_neurons": 1, "metrics": {"true_positive": 35, "false_positive": 5, "true_negative": 29943, "false_negative": 17, "total_predictions": 30000, "accuracy": 99.92666666666666, "precision": 87.5, "recall": 67.3076923076923, "f1_score": 76.08695652173913, "specificity": 99.98330439428342}}