{
    "freq_band": "ripple",
    "confidence_window": 120,
    "feature_neuron_class": {
        "array": [
            1, 1, 1, 1, 2, 2, 1, 2, 1, 2, 1, 1, 1, 1, 1, 1, 2, 0, 1, 2, 0, 1, 1, 2, 2,
            0, 1, 1, 0, 0, 0, 1, 1, 1, 0, 2, 0, 0, 1, 1, 0, 1, 0, 1, 0, 1, 0, 1, 0, 0,
            0, 1, 2, 0, 1, 1, 0, 0, 0, 1, 0, 1, 0, 1, 0, 1, 0, 1, 1, 2, 2, 1, 1, 0, 0,
            2, 0, 0, 0, 1, 1, 2, 2, 0, 1, 0, 1, 2, 0, 0, 1, 0, 0, 1, 1, 1, 1, 0, 1, 1,
            0, 0, 0, 0, 0, 1, 0, 0, 0, 0, 2, 0, 0, 1, 0, 0, 1, 0, 1, 1, 1, 0, 1, 0, 0,
            0, 0, 1, 0, 0, 0, 0, 1, 0, 1, 0, 0, 2, 0, 0, 1, 0, 0, 0, 1, 0, 0, 1, 0, 1,
            0, 0, 0, 1, 0, 1, 0, 2, 0, 1, 1, 0, 0, 0, 1, 0, 1, 2, 0, 1, 1, 0, 0, 0, 0,
            0, 2, 0, 0, 0, 2, 0, 1, 0, 0, 0, 0, 1, 1, 0, 0, 1, 0, 0, 0, 2, 2, 2, 0, 0,
            0, 0, 1, 1, 0, 2, 1, 0, 0, 0, 0, 1, 0, 0, 0, 0, 0, 0, 0, 0, 0, 1, 0, 0, 0,
            2, 0, 0, 0, 0, 0, 0, 0, 0, 0, 0, 0, 0, 1, 0, 1, 0, 1, 0, 1, 1, 0, 1, 0, 2,
            0, 0, 1, 0, 0, 0
        ],
        "counts": {
            "silent_neurons": 142,
            "noisy_neurons": 86,
            "detector_neurons": 28
        }
    },
    "num_consensus_neurons": 1,
    "metrics": {
        "true_positive": 36,
        "false_positive": 0,
        "true_negative": 29948,
        "false_negative": 16,
        "total_predictions": 30000,
        "accuracy": 99.94666666666666,
        "precision": 100.0,
        "recall": 69.23076923076923,
        "f1_score": 81.81818181818181,
        "specificity": 100.0
    }
}