{
    "freq_band": "ripple",
    "confidence_window": 120,
    "feature_neuron_class": {
        "array": [
            1, 1, 1, 1, 1, 1, 1, 1, 1, 1, 1, 1, 1, 1, 1, 1, 1, 1, 1, 1, 1, 1, 1, 1, 1,
            1, 1, 1, 0, 1, 2, 1, 1, 1, 1, 1, 1, 1, 1, 2, 2, 1, 1, 1, 1, 1, 1, 1, 1, 1,
            1, 1, 1, 1, 0, 1, 0, 2, 1, 1, 1, 0, 0, 1, 0, 1, 1, 1, 1, 1, 2, 2, 0, 1, 0,
            0, 1, 1, 0, 1, 1, 0, 1, 1, 1, 1, 1, 1, 1, 0, 1, 1, 0, 1, 1, 1, 0, 1, 1, 1,
            1, 0, 1, 1, 1, 1, 0, 1, 0, 0, 1, 0, 0, 1, 0, 1, 1, 1, 1, 0, 0, 1, 0, 0, 1,
            0, 0, 1, 0, 1, 0, 1, 1, 0, 1, 1, 1, 1, 1, 1, 1, 1, 1, 0, 1, 0, 1, 1, 1, 1,
            0, 1, 1, 0, 0, 0, 0, 0, 0, 0, 0, 2, 1, 0, 0, 0, 0, 0, 1, 1, 1, 2, 1, 0, 0,
            0, 1, 2, 1, 0, 0, 0, 0, 0, 0, 0, 0, 0, 1, 0, 0, 0, 0, 0, 0, 1, 1, 0, 1, 0,
            1, 0, 1, 1, 1, 1, 0, 1, 1, 1, 0, 0, 0, 1, 0, 1, 0, 0, 0, 0, 0, 1, 0, 0, 0,
            0, 0, 0, 0, 1, 0, 1, 0, 0, 0, 1, 1, 0, 1, 0, 1, 1, 1, 1, 1, 0, 0, 0, 1, 0,
            0, 0, 1, 2, 1, 0
        ],
        "counts": {
            "silent_neurons": 97,
            "noisy_neurons": 149,
            "detector_neurons": 10
        }
    },
    "num_consensus_neurons": 1,
    "metrics": {
        "true_positive": 17,
        "false_positive": 0,
        "true_negative": 29948,
        "false_negative": 35,
        "total_predictions": 30000,
        "accuracy": 99.88333333333334,
        "precision": 100.0,
        "recall": 32.69230769230769,
        "f1_score": 49.275362318840585,
        "specificity": 100.0
    }
}