{"freq_band": "ripple", "confidence_window": 180, "feature_neuron_class": {"array": [2, 2, 1, 2, 2, 2, 1, 2, 2, 2, 1, 2, 1, 2, 2, 1, 2, 1, 2, 2, 2, 2, 2, 2, 2, 2, 2, 2, 2, 2, 2, 2, 2, 2, 2, 1, 1, 2, 2, 1, 2, 2, 2, 2, 1, 2, 0, 2, 2, 1, 2, 2, 2, 2, 2, 2, 2, 2, 1, 1, 2, 2, 1, 1, 1, 2, 1, 2, 1, 2, 2, 2, 2, 2, 2, 1, 1, 1, 2, 2, 2, 1, 2, 2, 2, 2, 2, 1, 2, 2, 2, 2, 1, 1, 1, 2, 2, 2, 1, 1, 2, 2, 2, 2, 2, 1, 2, 2, 1, 2, 2, 1, 2, 2, 2, 0, 0, 1, 1, 1, 1, 2, 2, 2, 2, 2, 2, 2, 2, 2, 2, 2, 2, 2, 1, 2, 2, 2, 1, 1, 1, 2, 2, 2, 1, 2, 2, 2, 2, 0, 2, 1, 2, 2, 1, 2, 2, 2, 1, 2, 2, 1, 0, 2, 2, 1, 1, 2, 2, 2, 2, 2, 2, 2, 1, 2, 2, 0, 2, 2, 0, 1, 2, 0, 2, 2, 2, 2, 1, 1, 2, 2, 2, 2, 2, 2, 2, 2, 1, 2, 2, 1, 2, 2, 2, 2, 1, 1, 1, 0, 1, 2, 2, 2, 1, 1, 2, 1, 2, 1, 2, 1, 1, 2, 1, 2, 1, 2, 2, 1, 2, 2, 2, 1, 2, 2, 1, 1, 2, 2, 2, 2, 2, 2, 2, 2, 2, 2, 2, 1, 2, 2, 1, 2, 1, 1], "counts": {"silent_neurons": 9, "noisy_neurons": 72, "detector_neurons": 175}}, "num_consensus_neurons": 1, "relevant_ratio_threshold": 95.0, "metrics": {"true_positive": 170, "false_positive": 10, "true_negative": 119793, "false_negative": 27, "total_predictions": 120000, "accuracy": 99.96916666666667, "precision": 94.44444444444444, "recall": 86.29441624365482, "f1_score": 90.18567639257294, "specificity": 99.99165296361527}}