{"freq_band": "ripple", "confidence_window": 180, "feature_neuron_class": {"array": [2, 1, 2, 2, 2, 2, 2, 2, 2, 2, 2, 2, 2, 2, 1, 2, 1, 1, 2, 2, 0, 2, 2, 2, 2, 2, 2, 2, 1, 1, 2, 2, 2, 1, 2, 2, 1, 2, 0, 2, 0, 1, 2, 2, 2, 2, 2, 1, 0, 1, 2, 2, 2, 1, 2, 2, 1, 1, 1, 2, 2, 1, 2, 2, 2, 2, 1, 2, 2, 2, 2, 2, 2, 2, 0, 2, 2, 1, 1, 1, 2, 2, 1, 2, 2, 2, 1, 2, 2, 2, 1, 2, 2, 2, 2, 1, 1, 1, 2, 0, 0, 2, 1, 1, 1, 2, 2, 1, 0, 0, 1, 1, 1, 2, 2, 1, 1, 2, 2, 1, 1, 0, 2, 2, 2, 2, 0, 2, 2, 2, 0, 2, 2, 1, 2, 2, 1, 2, 2, 2, 1, 2, 1, 1, 2, 2, 1, 1, 0, 2, 2, 2, 2, 2, 2, 2, 0, 2, 2, 2, 1, 1, 1, 2, 2, 2, 1, 1, 0, 2, 1, 2, 2, 1, 2, 1, 2, 2, 1, 2, 2, 2, 2, 2, 2, 1, 2, 0, 1, 2, 1, 2, 2, 2, 2, 1, 2, 2, 2, 2, 2, 2, 2, 2, 2, 2, 1, 2, 2, 2, 2, 2, 1, 2, 2, 1, 2, 1, 2, 2, 2, 2, 2, 2, 2, 2, 0, 1, 2, 1, 2, 2, 2, 0, 1, 1, 1, 0, 1, 2, 1, 2, 2, 0, 2, 2, 2, 2, 2, 2, 2, 2, 2, 1, 1, 2], "counts": {"silent_neurons": 20, "noisy_neurons": 70, "detector_neurons": 166}}, "num_consensus_neurons": 1, "relevant_ratio_threshold": 90.0, "metrics": {"true_positive": 196, "false_positive": 28, "true_negative": 119775, "false_negative": 1, "total_predictions": 120000, "accuracy": 99.97583333333333, "precision": 87.5, "recall": 99.49238578680203, "f1_score": 93.11163895486936, "specificity": 99.97662829812275}}