{"freq_band": "ripple", "confidence_window": 180, "feature_neuron_class": {"array": [1, 1, 2, 1, 2, 1, 1, 2, 1, 1, 2, 1, 1, 1, 0, 0, 1, 1, 1, 2, 2, 1, 1, 2, 1, 1, 1, 1, 1, 0, 1, 0, 1, 1, 2, 1, 1, 1, 0, 0, 0, 2, 1, 0, 1, 2, 1, 1, 1, 2, 1, 1, 1, 1, 1, 0, 1, 1, 1, 1, 1, 2, 2, 1, 2, 2, 2, 1, 1, 1, 0, 2, 1, 1, 1, 1, 2, 1, 1, 1, 1, 1, 1, 2, 2, 1, 2, 1, 2, 2, 2, 1, 1, 2, 1, 1, 1, 2, 2, 1, 1, 2, 1, 1, 1, 2, 1, 1, 1, 1, 1, 1, 1, 2, 1, 0, 1, 0, 1, 0, 2, 2, 1, 2, 0, 1, 1, 0, 1, 1, 1, 2, 1, 1, 1, 2, 1, 2, 2, 2, 1, 2, 2, 1, 1, 2, 0, 2, 1, 1, 1, 2, 2, 2, 0, 1, 1, 2, 1, 2, 2, 2, 2, 1, 0, 1, 1, 0, 1, 1, 1, 1, 2, 1, 1, 1, 1, 1, 2, 1, 1, 0, 1, 2, 1, 2, 1, 1, 1, 1, 2, 0, 2, 1, 1, 1, 1, 1, 1, 1, 1, 1, 1, 1, 1, 2, 1, 1, 1, 2, 1, 2, 1, 1, 2, 1, 1, 1, 1, 2, 2, 1, 0, 0, 2, 1, 1, 2, 1, 1, 1, 2, 2, 1, 0, 1, 2, 1, 0, 1, 1, 1, 2, 1, 1, 2, 1, 1, 1, 2, 1, 1, 2, 2, 1, 2], "counts": {"silent_neurons": 25, "noisy_neurons": 158, "detector_neurons": 73}}, "num_consensus_neurons": 1, "relevant_ratio_threshold": 96.0, "metrics": {"true_positive": 44, "false_positive": 1, "true_negative": 29952, "false_negative": 3, "total_predictions": 30000, "accuracy": 99.98666666666666, "precision": 97.77777777777777, "recall": 93.61702127659575, "f1_score": 95.65217391304348, "specificity": 99.99666143625012}}