{
    "freq_band": "ripple",
    "confidence_window": 120,
    "feature_neuron_class": {
        "array": [
            1, 1, 2, 1, 1, 1, 1, 2, 2, 1, 2, 0, 0, 0, 2, 1, 1, 1, 2, 0, 1, 2, 2, 2, 1,
            1, 1, 0, 1, 1, 2, 1, 0, 0, 1, 0, 0, 2, 0, 0, 1, 0, 1, 1, 2, 1, 0, 0, 0, 2,
            2, 2, 1, 2, 2, 0, 0, 0, 2, 0, 2, 1, 2, 2, 0, 2, 0, 0, 1, 2, 1, 2, 0, 2, 0,
            0, 1, 0, 1, 0, 2, 2, 0, 0, 0, 0, 1, 0, 2, 0, 0, 0, 0, 0, 1, 0, 0, 1, 0, 0,
            0, 1, 0, 0, 0, 0, 0, 0, 1, 0, 0, 0, 0, 1, 2, 0, 2, 0, 0, 0, 0, 2, 2, 0, 0,
            2, 0, 0, 0, 0, 0, 0, 2, 0, 0, 0, 2, 0, 1, 0, 0, 2, 2, 0, 2, 0, 0, 0, 0, 0,
            0, 2, 0, 2, 0, 2, 0, 0, 2, 0, 0, 2, 0, 0, 1, 0, 0, 0, 0, 0, 0, 0, 0, 0, 0,
            0, 0, 0, 2, 0, 0, 0, 0, 0, 2, 0, 2, 0, 2, 2, 0, 0, 0, 0, 0, 2, 0, 0, 0, 0,
            0, 1, 0, 0, 0, 0, 0, 0, 0, 0, 0, 2, 2, 0, 0, 2, 0, 0, 0, 0, 0, 2, 2, 0, 0,
            2, 0, 1, 0, 0, 0, 0, 0, 0, 2, 0, 0, 0, 0, 0, 0, 0, 0, 2, 0, 2, 0, 0, 0, 0,
            0, 0, 2, 0, 0, 0
        ],
        "counts": {
            "silent_neurons": 159,
            "noisy_neurons": 38,
            "detector_neurons": 59
        }
    },
    "num_consensus_neurons": 1,
    "metrics": {
        "true_positive": 41,
        "false_positive": 3,
        "true_negative": 29945,
        "false_negative": 11,
        "total_predictions": 30000,
        "accuracy": 99.95333333333333,
        "precision": 93.18181818181817,
        "recall": 78.84615384615384,
        "f1_score": 85.41666666666666,
        "specificity": 99.98998263657005
    }
}