{
    "freq_band": "ripple",
    "confidence_window": 120,
    "feature_neuron_class": {
        "array": [
            1, 1, 1, 2, 1, 2, 1, 1, 1, 2, 1, 2, 2, 2, 1, 2, 1, 1, 1, 1, 2, 1, 1, 2, 1,
            0, 1, 1, 1, 2, 2, 1, 1, 1, 1, 1, 2, 2, 1, 1, 1, 2, 1, 0, 1, 1, 2, 1, 2, 1,
            2, 2, 2, 1, 1, 2, 1, 0, 1, 1, 2, 0, 2, 2, 1, 1, 2, 1, 2, 2, 2, 1, 2, 2, 1,
            0, 2, 1, 2, 1, 1, 0, 1, 1, 1, 1, 2, 2, 1, 1, 1, 2, 2, 2, 1, 1, 2, 1, 1, 2,
            1, 2, 1, 1, 0, 2, 1, 1, 1, 1, 1, 1, 2, 1, 2, 2, 2, 1, 1, 1, 2, 2, 1, 1, 0,
            2, 2, 1, 2, 2, 2, 1, 2, 2, 2, 2, 1, 1, 1, 2, 0, 1, 1, 2, 0, 1, 1, 1, 2, 2,
            2, 2, 1, 1, 2, 1, 1, 1, 2, 0, 2, 2, 1, 1, 1, 2, 1, 0, 2, 2, 1, 2, 2, 2, 1,
            1, 1, 1, 1, 1, 2, 1, 2, 2, 2, 2, 2, 1, 0, 1, 1, 1, 1, 1, 1, 1, 1, 1, 1, 1,
            1, 2, 1, 2, 2, 2, 2, 1, 1, 0, 2, 1, 2, 1, 2, 1, 2, 1, 1, 2, 1, 1, 0, 2, 2,
            1, 2, 1, 2, 0, 2, 1, 1, 2, 1, 1, 1, 1, 0, 1, 1, 0, 2, 1, 2, 1, 1, 1, 2, 1,
            0, 1, 1, 2, 1, 1
        ],
        "counts": {
            "silent_neurons": 19,
            "noisy_neurons": 140,
            "detector_neurons": 97
        }
    },
    "num_consensus_neurons": 1,
    "metrics": {
        "true_positive": 45,
        "false_positive": 2,
        "true_negative": 29951,
        "false_negative": 2,
        "total_predictions": 30000,
        "accuracy": 99.98666666666666,
        "precision": 95.74468085106383,
        "recall": 95.74468085106383,
        "f1_score": 95.74468085106382,
        "specificity": 99.99332287250024
    }
}