{
    "freq_band": "ripple",
    "confidence_window": 180,
    "feature_neuron_class": {
        "array": [
            2, 2, 2, 2, 1, 2, 0, 1, 0, 2, 1, 2, 2, 1, 2, 2, 1, 1, 0, 0, 2, 2, 0, 2, 2,
            2, 2, 0, 2, 1, 2, 2, 1, 2, 2, 2, 2, 1, 2, 1, 2, 2, 2, 2, 2, 2, 2, 2, 1, 2,
            1, 2, 0, 2, 0, 2, 0, 2, 2, 2, 2, 2, 1, 2, 1, 1, 0, 1, 2, 2, 2, 2, 1, 0, 2,
            0, 2, 0, 0, 2, 2, 2, 2, 2, 1, 0, 1, 1, 2, 1, 2, 2, 2, 1, 1, 2, 2, 2, 1, 1,
            2, 1, 2, 1, 2, 2, 1, 2, 2, 2, 2, 2, 0, 2, 1, 2, 2, 2, 2, 1, 1, 1, 2, 2, 2,
            0, 1, 2, 2, 2, 2, 0, 1, 2, 1, 0, 2, 2, 2, 2, 1, 2, 2, 1, 1, 2, 2, 1, 2, 2,
            1, 2, 1, 1, 2, 2, 2, 1, 1, 0, 0, 0, 2, 2, 2, 1, 1, 2, 0, 1, 2, 2, 2, 2, 2,
            2, 2, 2, 2, 2, 1, 2, 1, 2, 1, 2, 2, 2, 2, 1, 2, 2, 2, 1, 1, 1, 2, 2, 2, 2,
            2, 2, 0, 1, 2, 2, 1, 2, 2, 1, 2, 2, 2, 2, 2, 2, 2, 2, 2, 2, 2, 0, 2, 0, 1,
            2, 2, 0, 2, 2, 0, 1, 2, 2, 1, 1, 2, 2, 2, 2, 0, 2, 0, 2, 2, 2, 2, 2, 2, 1,
            2, 1, 2, 2, 1, 2
        ],
        "counts": {
            "silent_neurons": 30,
            "noisy_neurons": 64,
            "detector_neurons": 162
        }
    },
    "num_consensus_neurons": 1,
    "relevant_ratio_threshold": 95.0,
    "metrics": {
        "true_positive": 186,
        "false_positive": 14,
        "true_negative": 119789,
        "false_negative": 11,
        "total_predictions": 120000,
        "accuracy": 99.97916666666666,
        "precision": 93.0,
        "recall": 94.41624365482234,
        "f1_score": 93.70277078085643,
        "specificity": 99.98831414906138
    }
}