{
    "freq_band": "ripple",
    "confidence_window": 120,
    "feature_neuron_class": {
        "array": [
            1, 1, 1, 1, 1, 1, 1, 1, 1, 1, 2, 1, 1, 1, 1, 1, 1, 1, 1, 1, 1, 1, 1, 1, 1,
            2, 2, 2, 1, 1, 1, 1, 1, 2, 1, 2, 1, 1, 1, 1, 2, 1, 2, 0, 2, 0, 2, 1, 0, 1,
            0, 0, 0, 0, 2, 0, 0, 1, 2, 1, 1, 0, 1, 2, 2, 0, 0, 1, 2, 0, 0, 1, 0, 1, 0,
            0, 1, 1, 1, 1, 0, 0, 0, 2, 1, 1, 0, 2, 0, 0, 1, 1, 0, 1, 0, 0, 2, 0, 2, 1,
            2, 1, 0, 0, 1, 0, 0, 0, 0, 1, 1, 0, 0, 0, 0, 0, 0, 0, 0, 0, 0, 0, 1, 1, 0,
            0, 0, 0, 0, 0, 1, 0, 1, 1, 0, 1, 0, 1, 0, 0, 2, 0, 0, 2, 0, 0, 0, 0, 0, 0,
            0, 0, 0, 1, 0, 0, 0, 0, 0, 1, 0, 0, 0, 1, 0, 0, 1, 2, 0, 1, 0, 0, 0, 0, 1,
            2, 0, 0, 0, 0, 0, 0, 0, 0, 2, 0, 0, 2, 0, 0, 0, 1, 0, 1, 0, 1, 0, 0, 0, 0,
            0, 0, 0, 2, 0, 0, 0, 1, 0, 0, 2, 2, 2, 0, 0, 0, 2, 2, 0, 0, 0, 0, 0, 0, 0,
            0, 0, 0, 0, 2, 2, 0, 0, 0, 1, 1, 1, 0, 0, 0, 2, 2, 1, 0, 0, 0, 0, 0, 0, 0,
            0, 0, 0, 2, 1, 2
        ],
        "counts": {
            "silent_neurons": 138,
            "noisy_neurons": 80,
            "detector_neurons": 38
        }
    },
    "num_consensus_neurons": 1,
    "metrics": {
        "true_positive": 44,
        "false_positive": 6,
        "true_negative": 29942,
        "false_negative": 8,
        "total_predictions": 30000,
        "accuracy": 99.95333333333333,
        "precision": 88.0,
        "recall": 84.61538461538461,
        "f1_score": 86.27450980392156,
        "specificity": 99.97996527314011
    }
}