{
    "freq_band": "ripple",
    "confidence_window": 120,
    "feature_neuron_class": {
        "array": [
            1, 1, 2, 2, 2, 2, 2, 2, 2, 2, 2, 0, 2, 2, 1, 2, 1, 1, 2, 0, 0, 1, 2, 2, 0,
            0, 0, 0, 2, 1, 2, 2, 2, 2, 0, 1, 0, 0, 0, 2, 0, 2, 2, 0, 2, 0, 0, 2, 0, 0,
            1, 0, 0, 2, 0, 0, 0, 2, 0, 2, 2, 0, 0, 0, 2, 0, 2, 0, 0, 0, 0, 0, 0, 2, 0,
            0, 2, 0, 1, 0, 0, 0, 0, 2, 0, 0, 0, 0, 0, 2, 1, 0, 0, 0, 1, 0, 2, 1, 0, 2,
            2, 2, 0, 0, 0, 1, 0, 0, 0, 2, 0, 0, 0, 0, 0, 2, 2, 0, 0, 2, 0, 0, 0, 2, 1,
            0, 0, 0, 0, 0, 1, 0, 0, 2, 0, 1, 0, 0, 0, 2, 0, 0, 1, 0, 1, 2, 0, 0, 2, 0,
            0, 2, 0, 0, 0, 0, 0, 2, 2, 0, 0, 2, 0, 0, 2, 0, 0, 0, 0, 0, 0, 0, 2, 0, 2,
            0, 0, 0, 0, 0, 0, 0, 0, 0, 0, 0, 0, 0, 0, 0, 0, 0, 0, 0, 2, 0, 0, 0, 0, 2,
            0, 0, 0, 0, 0, 0, 0, 2, 2, 2, 0, 0, 0, 0, 0, 0, 0, 0, 2, 0, 0, 0, 0, 0, 0,
            0, 2, 0, 0, 0, 0, 1, 0, 0, 2, 0, 0, 0, 0, 0, 0, 2, 2, 2, 0, 0, 0, 0, 0, 0,
            0, 0, 2, 0, 0, 0
        ],
        "counts": {
            "silent_neurons": 169,
            "noisy_neurons": 20,
            "detector_neurons": 67
        }
    },
    "num_consensus_neurons": 1,
    "metrics": {
        "true_positive": 162,
        "false_positive": 18,
        "true_negative": 119760,
        "false_negative": 60,
        "total_predictions": 120000,
        "accuracy": 99.935,
        "precision": 90.0,
        "recall": 72.97297297297297,
        "f1_score": 80.59701492537313,
        "specificity": 99.98497219856735
    }
}