{"freq_band": "ripple", "confidence_window": 180, "feature_neuron_class": {"array": [1, 1, 1, 1, 2, 2, 1, 2, 1, 2, 2, 2, 2, 2, 1, 2, 1, 1, 1, 1, 0, 2, 2, 2, 1, 2, 1, 2, 1, 1, 1, 1, 1, 1, 1, 1, 1, 1, 0, 1, 0, 1, 2, 1, 2, 2, 2, 1, 0, 1, 1, 1, 1, 1, 1, 1, 1, 1, 1, 2, 1, 1, 2, 2, 2, 2, 1, 2, 2, 1, 2, 1, 1, 1, 0, 2, 1, 1, 1, 1, 2, 2, 1, 2, 2, 2, 1, 1, 1, 2, 1, 2, 1, 1, 1, 1, 1, 1, 2, 0, 0, 1, 1, 1, 1, 2, 2, 1, 0, 0, 1, 1, 1, 1, 1, 1, 1, 1, 1, 1, 1, 0, 2, 2, 2, 2, 0, 2, 1, 1, 0, 1, 2, 1, 1, 2, 1, 1, 1, 1, 1, 2, 1, 1, 1, 2, 1, 1, 0, 1, 2, 2, 1, 2, 2, 2, 0, 2, 1, 1, 1, 1, 1, 2, 2, 1, 1, 1, 0, 1, 1, 1, 1, 1, 1, 1, 2, 2, 1, 2, 2, 2, 1, 2, 2, 1, 1, 0, 1, 1, 1, 1, 1, 2, 1, 1, 1, 2, 2, 2, 1, 1, 2, 1, 2, 2, 1, 1, 1, 2, 1, 1, 1, 2, 2, 1, 2, 1, 2, 1, 2, 2, 2, 1, 2, 2, 0, 1, 2, 1, 2, 2, 1, 0, 1, 1, 1, 0, 1, 2, 1, 2, 1, 0, 1, 1, 2, 2, 2, 2, 1, 2, 2, 1, 1, 2], "counts": {"silent_neurons": 20, "noisy_neurons": 146, "detector_neurons": 90}}, "num_consensus_neurons": 1, "relevant_ratio_threshold": 97.0, "metrics": {"true_positive": 181, "false_positive": 6, "true_negative": 119797, "false_negative": 16, "total_predictions": 120000, "accuracy": 99.98166666666667, "precision": 96.79144385026738, "recall": 91.87817258883248, "f1_score": 94.27083333333334, "specificity": 99.99499177816917}}