{"freq_band": "hfo", "confidence_window": 180, "feature_neuron_class": {"array": [4, 1, 4, 1, 4, 0, 4, 4, 4, 4, 1, 0, 0, 0, 4, 4, 1, 1, 0, 4, 1, 4, 1, 4, 1, 4, 4, 4, 0, 4, 4, 4, 4, 4, 1, 1, 1, 4, 0, 0, 4, 1, 1, 4, 4, 1, 0, 1, 4, 0, 4, 0, 0, 0, 1, 4, 4, 4, 4, 1, 4, 1, 4, 4, 1, 0, 4, 4, 4, 4, 0, 4, 4, 0, 4, 4, 4, 4, 4, 4, 1, 4, 4, 4, 4, 4, 4, 4, 4, 0, 4, 1, 4, 1, 4, 1, 4, 1, 4, 0, 4, 1, 1, 4, 1, 4, 0, 1, 4, 0, 4, 0, 4, 1, 4, 4, 4, 0, 4, 4, 4, 1, 4, 4, 4, 1, 1, 1, 1, 1, 4, 4, 4, 4, 4, 4, 4, 4, 4, 1, 1, 4, 4, 4, 0, 4, 4, 0, 1, 1, 4, 4, 1, 4, 4, 1, 4, 4, 1, 4, 4, 1, 1, 4, 4, 1, 1, 4, 4, 4, 4, 4, 4, 4, 1, 0, 4, 4, 4, 0, 0, 1, 4, 1, 4, 4, 0, 1, 4, 1, 0, 4, 4, 4, 4, 1, 0, 1, 4, 1, 4, 4, 4, 0, 4, 4, 4, 1, 0, 0, 4, 4, 4, 1, 1, 4, 4, 1, 0, 4, 4, 1, 1, 4, 1, 0, 4, 4, 4, 1, 0, 4, 4, 4, 4, 4, 4, 1, 4, 4, 4, 1, 4, 4, 4, 4, 1, 1, 1, 1, 4, 4, 4, 1, 1, 1], "counts": {"silent_neurons": 36, "noisy_neurons": 71, "detector_neurons": 149}}, "num_consensus_neurons": 1, "relevant_ratio_threshold": 90.0, "metrics": {"true_positive": 33, "false_positive": 4, "true_negative": 119960, "false_negative": 3, "total_predictions": 120000, "accuracy": 99.99416666666666, "precision": 89.1891891891892, "recall": 91.66666666666666, "f1_score": 90.41095890410958, "specificity": 99.99666566636658}}