{"freq_band": "ripple", "confidence_window": 180, "feature_neuron_class": {"array": [1, 1, 1, 1, 0, 2, 1, 1, 1, 2, 0, 1, 1, 1, 2, 1, 1, 1, 0, 1, 2, 1, 1, 1, 0, 1, 0, 2, 1, 0, 1, 1, 1, 1, 1, 1, 1, 2, 1, 1, 2, 1, 1, 1, 2, 2, 2, 1, 2, 1, 1, 2, 1, 1, 2, 2, 1, 1, 2, 2, 2, 2, 1, 2, 1, 1, 1, 1, 1, 1, 1, 2, 1, 1, 1, 1, 1, 1, 1, 1, 1, 0, 1, 1, 2, 2, 1, 1, 1, 1, 1, 2, 2, 1, 0, 2, 1, 0, 2, 2, 1, 1, 1, 2, 2, 1, 1, 2, 1, 2, 1, 1, 1, 2, 2, 1, 1, 2, 1, 2, 1, 1, 2, 2, 2, 0, 1, 2, 1, 1, 2, 2, 1, 1, 1, 2, 1, 1, 1, 1, 1, 1, 0, 2, 0, 1, 1, 1, 2, 1, 1, 1, 2, 1, 1, 2, 2, 1, 0, 1, 2, 1, 1, 1, 1, 1, 1, 0, 1, 2, 2, 1, 1, 1, 1, 1, 2, 1, 0, 1, 0, 2, 2, 1, 1, 2, 1, 2, 0, 2, 1, 0, 1, 2, 2, 1, 1, 1, 1, 1, 2, 0, 1, 2, 2, 0, 2, 0, 1, 1, 1, 2, 0, 2, 2, 0, 1, 2, 2, 1, 1, 0, 1, 1, 2, 2, 1, 2, 1, 1, 0, 1, 2, 1, 0, 2, 0, 0, 2, 1, 0, 2, 0, 2, 1, 1, 1, 1, 0, 1, 1, 1, 1, 2, 1, 1], "counts": {"silent_neurons": 31, "noisy_neurons": 149, "detector_neurons": 76}}, "num_consensus_neurons": 1, "relevant_ratio_threshold": 95.0, "metrics": {"true_positive": 22, "false_positive": 1, "true_negative": 119975, "false_negative": 2, "total_predictions": 120000, "accuracy": 99.99749999999999, "precision": 95.65217391304348, "recall": 91.66666666666666, "f1_score": 93.61702127659576, "specificity": 99.99916649996666}}