{
    "freq_band": "ripple",
    "confidence_window": 120,
    "feature_neuron_class": {
        "array": [
            2, 2, 1, 2, 0, 1, 0, 2, 2, 2, 2, 2, 1, 2, 0, 1, 2, 1, 2, 1, 1, 2, 2, 1, 2,
            2, 1, 1, 2, 2, 1, 1, 1, 1, 1, 1, 2, 1, 1, 1, 1, 2, 2, 2, 1, 0, 2, 1, 2, 2,
            1, 1, 1, 2, 1, 1, 1, 1, 2, 1, 1, 0, 1, 2, 1, 2, 2, 2, 2, 2, 1, 2, 1, 2, 2,
            1, 2, 2, 1, 1, 2, 2, 2, 0, 1, 2, 2, 1, 1, 1, 2, 2, 1, 2, 2, 1, 0, 2, 1, 1,
            2, 2, 1, 1, 2, 2, 0, 0, 2, 0, 2, 1, 1, 1, 1, 1, 2, 1, 2, 1, 2, 1, 1, 2, 2,
            2, 1, 2, 1, 0, 1, 1, 2, 1, 0, 2, 1, 2, 1, 2, 1, 1, 2, 1, 2, 1, 2, 1, 1, 1,
            1, 2, 2, 2, 2, 1, 2, 2, 1, 0, 2, 2, 2, 1, 0, 1, 1, 1, 1, 1, 1, 1, 1, 1, 1,
            1, 1, 2, 1, 2, 1, 2, 1, 1, 2, 2, 2, 2, 1, 2, 1, 0, 1, 1, 2, 2, 1, 1, 2, 2,
            2, 2, 2, 2, 2, 1, 0, 2, 1, 2, 0, 1, 1, 2, 1, 2, 1, 1, 2, 1, 1, 1, 2, 2, 2,
            1, 2, 1, 1, 2, 0, 2, 2, 1, 1, 2, 1, 2, 0, 2, 1, 1, 2, 2, 2, 2, 1, 2, 1, 1,
            1, 1, 1, 2, 1, 2
        ],
        "counts": {
            "silent_neurons": 19,
            "noisy_neurons": 122,
            "detector_neurons": 115
        }
    },
    "num_consensus_neurons": 1,
    "relevant_ratio_threshold": 80.0,
    "metrics": {
        "true_positive": 34,
        "false_positive": 14,
        "true_negative": 29941,
        "false_negative": 11,
        "total_predictions": 30000,
        "accuracy": 99.91666666666667,
        "precision": 70.83333333333334,
        "recall": 75.55555555555556,
        "f1_score": 73.11827956989248,
        "specificity": 99.95326322817559
    }
}