{"freq_band": "fr", "confidence_window": 80, "feature_neuron_class": {"array": [1, 1, 3, 1, 0, 1, 3, 1, 0, 3, 1, 1, 1, 1, 1, 1, 1, 1, 1, 1, 0, 1, 1, 1, 1, 1, 1, 1, 1, 1, 1, 1, 1, 1, 3, 1, 1, 1, 0, 1, 1, 3, 1, 1, 1, 3, 3, 3, 1, 3, 1, 1, 3, 1, 1, 1, 1, 1, 3, 1, 1, 1, 1, 1, 3, 0, 3, 1, 1, 1, 1, 1, 0, 3, 1, 3, 1, 1, 1, 0, 3, 1, 1, 1, 1, 1, 1, 1, 1, 0, 3, 1, 1, 1, 1, 3, 1, 1, 1, 1, 1, 0, 1, 1, 1, 3, 1, 0, 0, 1, 1, 1, 1, 0, 1, 0, 3, 1, 1, 1, 1, 1, 1, 1, 3, 1, 3, 0, 1, 3, 3, 1, 3, 3, 0, 1, 3, 1, 1, 1, 1, 1, 1, 1, 1, 0, 1, 1, 1, 3, 3, 0, 1, 1, 0, 1, 1, 1, 0, 3, 1, 1, 3, 1, 3, 1, 3, 1, 1, 1, 1, 0, 0, 0, 1, 1, 1, 0, 3, 0, 1, 0, 0, 0, 1, 1, 3, 1, 0, 1, 0, 1, 3, 3, 1, 1, 1, 1, 0, 1, 1, 1, 1, 0, 0, 1, 1, 1, 3, 1, 1, 1, 1, 1, 1, 1, 1, 1, 1, 3, 3, 1, 3, 1, 1, 3, 1, 3, 3, 1, 1, 1, 0, 3, 1, 3, 1, 0, 0, 1, 1, 1, 0, 1, 3, 1, 1, 1, 0, 1, 1, 1, 1, 1, 0, 3], "counts": {"silent_neurons": 38, "noisy_neurons": 170, "detector_neurons": 48}}, "num_consensus_neurons": 1, "relevant_ratio_threshold": 95.0, "metrics": {"true_positive": 24, "false_positive": 1, "true_negative": 119975, "false_negative": 0, "total_predictions": 120000, "accuracy": 99.99916666666667, "precision": 96.0, "recall": 100.0, "f1_score": 97.95918367346938, "specificity": 99.99916649996666}}