{"freq_band": "hfo", "confidence_window": 180, "feature_neuron_class": {"array": [4, 4, 0, 0, 4, 4, 4, 1, 0, 4, 1, 4, 1, 0, 4, 0, 1, 0, 0, 4, 1, 1, 4, 4, 1, 1, 0, 4, 4, 4, 0, 0, 0, 4, 4, 4, 4, 4, 0, 4, 1, 4, 1, 4, 0, 4, 4, 4, 1, 4, 0, 1, 0, 4, 4, 0, 1, 0, 4, 1, 4, 4, 4, 4, 4, 4, 0, 4, 0, 4, 4, 4, 1, 4, 4, 4, 1, 1, 4, 4, 0, 0, 4, 4, 4, 4, 4, 0, 1, 4, 4, 4, 1, 0, 4, 4, 1, 4, 4, 1, 4, 4, 0, 4, 4, 1, 4, 4, 1, 4, 4, 0, 4, 1, 4, 4, 1, 1, 4, 1, 4, 4, 4, 1, 1, 0, 4, 4, 0, 4, 1, 1, 1, 0, 0, 1, 4, 1, 0, 1, 1, 0, 1, 4, 4, 0, 0, 0, 0, 1, 0, 1, 4, 4, 4, 4, 1, 4, 0, 1, 4, 4, 1, 0, 0, 0, 4, 0, 4, 0, 4, 1, 4, 0, 0, 4, 0, 1, 0, 1, 1, 4, 4, 4, 4, 4, 0, 1, 4, 0, 4, 4, 0, 4, 4, 4, 0, 0, 1, 0, 0, 4, 1, 1, 1, 4, 1, 4, 1, 1, 4, 4, 4, 1, 4, 1, 4, 0, 4, 1, 1, 4, 1, 4, 4, 4, 4, 4, 4, 1, 4, 0, 4, 4, 1, 4, 4, 1, 4, 4, 4, 4, 1, 0, 4, 1, 1, 4, 1, 0, 1, 1, 1, 1, 0, 4], "counts": {"silent_neurons": 58, "noisy_neurons": 70, "detector_neurons": 128}}, "num_consensus_neurons": 1, "relevant_ratio_threshold": 90.0, "metrics": {"true_positive": 32, "false_positive": 4, "true_negative": 119960, "false_negative": 4, "total_predictions": 120000, "accuracy": 99.99333333333334, "precision": 88.88888888888889, "recall": 88.88888888888889, "f1_score": 88.88888888888889, "specificity": 99.99666566636658}}