{"freq_band": "fr", "confidence_window": 60, "feature_neuron_class": {"array": [1, 1, 1, 1, 1, 1, 1, 3, 1, 1, 1, 0, 0, 1, 1, 1, 3, 1, 1, 1, 0, 1, 1, 1, 1, 3, 0, 1, 1, 0, 1, 0, 0, 1, 1, 1, 1, 0, 3, 0, 1, 0, 0, 0, 0, 1, 1, 1, 1, 1, 0, 1, 1, 3, 1, 3, 0, 0, 1, 0, 0, 0, 0, 1, 0, 0, 1, 0, 0, 0, 1, 0, 1, 0, 1, 0, 1, 0, 0, 1, 1, 0, 1, 0, 0, 0, 0, 0, 1, 1, 1, 1, 1, 0, 0, 3, 1, 1, 1, 1, 0, 1, 0, 0, 0, 1, 0, 0, 0, 1, 3, 1, 1, 1, 0, 0, 0, 0, 1, 1, 0, 0, 0, 0, 0, 0, 0, 0, 0, 0, 1, 0, 0, 1, 0, 1, 0, 0, 1, 0, 1, 0, 0, 0, 0, 0, 0, 1, 0, 3, 1, 0, 1, 0, 0, 0, 1, 1, 0, 0, 1, 0, 0, 0, 0, 0, 0, 0, 1, 0, 0, 0, 1, 0, 0, 1, 1, 1, 1, 0, 3, 1, 0, 1, 0, 1, 0, 0, 0, 0, 1, 0, 1, 0, 0, 0, 0, 0, 0, 0, 0, 0, 0, 0, 1, 0, 0, 0, 0, 0, 0, 0, 0, 1, 1, 1, 1, 0, 1, 0, 0, 0, 0, 0, 0, 3, 0, 0, 0, 0, 0, 1, 3, 0, 0, 0, 1, 0, 0, 1, 0, 0, 0, 0, 0, 0, 0, 0, 0, 0, 1, 1, 0, 0, 0, 0], "counts": {"silent_neurons": 148, "noisy_neurons": 96, "detector_neurons": 12}}, "num_consensus_neurons": 2, "metrics": {"true_positive": 8, "false_positive": 1, "true_negative": 119800, "false_negative": 191, "total_predictions": 120000, "accuracy": 99.83999999999999, "precision": 88.88888888888889, "recall": 4.0201005025125625, "f1_score": 7.692307692307692, "specificity": 99.99916528242669}}