{"freq_band": "hfo", "confidence_window": 180, "feature_neuron_class": {"array": [4, 1, 0, 4, 4, 4, 1, 0, 0, 4, 1, 4, 4, 0, 4, 1, 4, 4, 4, 4, 1, 1, 1, 4, 4, 4, 4, 1, 1, 1, 1, 0, 4, 1, 1, 4, 0, 0, 4, 4, 0, 4, 4, 1, 4, 1, 1, 4, 4, 4, 4, 4, 4, 4, 1, 4, 1, 4, 0, 1, 1, 1, 4, 0, 4, 4, 0, 4, 4, 4, 1, 4, 4, 4, 1, 0, 1, 4, 4, 0, 4, 1, 0, 1, 4, 0, 4, 1, 1, 4, 0, 0, 4, 4, 0, 1, 0, 4, 4, 1, 0, 1, 4, 4, 1, 1, 1, 1, 4, 4, 4, 1, 1, 0, 4, 1, 4, 4, 1, 0, 4, 4, 1, 0, 4, 1, 0, 1, 4, 1, 1, 4, 4, 0, 4, 1, 4, 4, 4, 0, 4, 4, 0, 4, 0, 1, 1, 1, 4, 0, 4, 4, 1, 1, 4, 0, 1, 4, 1, 1, 4, 1, 4, 4, 4, 0, 4, 4, 0, 4, 4, 4, 4, 1, 4, 4, 4, 4, 4, 4, 1, 4, 4, 0, 4, 4, 4, 4, 4, 4, 4, 0, 0, 4, 4, 4, 1, 1, 4, 0, 4, 4, 4, 0, 1, 1, 4, 4, 4, 1, 0, 4, 4, 4, 4, 0, 4, 4, 4, 4, 4, 4, 4, 1, 4, 4, 4, 4, 0, 4, 0, 4, 4, 4, 4, 4, 0, 4, 4, 4, 4, 4, 0, 4, 4, 4, 4, 1, 1, 4, 1, 1, 0, 1, 4, 4], "counts": {"silent_neurons": 44, "noisy_neurons": 67, "detector_neurons": 145}}, "num_consensus_neurons": 1, "relevant_ratio_threshold": 90.0, "metrics": {"true_positive": 33, "false_positive": 3, "true_negative": 119961, "false_negative": 3, "total_predictions": 120000, "accuracy": 99.995, "precision": 91.66666666666666, "recall": 91.66666666666666, "f1_score": 91.66666666666666, "specificity": 99.99749924977493}}