{"freq_band": "hfo", "confidence_window": 180, "feature_neuron_class": {"array": [4, 1, 4, 1, 4, 4, 4, 4, 4, 0, 4, 4, 1, 1, 1, 4, 0, 1, 4, 4, 4, 0, 1, 0, 1, 4, 1, 4, 1, 4, 4, 1, 4, 1, 4, 4, 4, 4, 4, 1, 1, 4, 4, 0, 4, 4, 4, 1, 1, 0, 1, 4, 4, 4, 1, 4, 0, 1, 4, 4, 1, 0, 4, 1, 1, 0, 1, 4, 1, 1, 4, 1, 4, 4, 4, 0, 4, 1, 1, 4, 0, 4, 0, 4, 4, 1, 4, 4, 0, 1, 1, 1, 4, 1, 4, 4, 1, 1, 4, 0, 4, 4, 1, 0, 4, 1, 0, 4, 1, 4, 4, 1, 1, 0, 4, 1, 4, 1, 1, 4, 0, 4, 1, 1, 4, 0, 4, 4, 4, 4, 4, 1, 1, 4, 4, 4, 1, 1, 4, 4, 1, 4, 1, 1, 4, 4, 1, 1, 1, 4, 4, 1, 0, 4, 1, 1, 4, 0, 4, 4, 1, 4, 1, 4, 4, 1, 0, 1, 1, 4, 1, 1, 1, 4, 4, 1, 1, 4, 4, 1, 0, 1, 0, 4, 1, 1, 4, 0, 0, 1, 4, 1, 1, 1, 4, 4, 4, 0, 4, 0, 4, 4, 4, 1, 4, 4, 4, 1, 4, 4, 1, 4, 4, 1, 1, 4, 4, 4, 1, 4, 4, 4, 0, 4, 4, 0, 1, 4, 1, 1, 1, 4, 1, 1, 4, 4, 1, 0, 1, 0, 0, 1, 4, 4, 0, 4, 1, 1, 0, 1, 0, 4, 4, 0, 4, 0], "counts": {"silent_neurons": 38, "noisy_neurons": 94, "detector_neurons": 124}}, "num_consensus_neurons": 1, "relevant_ratio_threshold": 90.0, "metrics": {"true_positive": 31, "false_positive": 5, "true_negative": 119959, "false_negative": 5, "total_predictions": 120000, "accuracy": 99.99166666666667, "precision": 86.11111111111111, "recall": 86.11111111111111, "f1_score": 86.11111111111111, "specificity": 99.99583208295823}}