{"freq_band": "ripple", "confidence_window": 180, "feature_neuron_class": {"array": [1, 2, 2, 1, 2, 0, 2, 2, 2, 2, 1, 0, 1, 2, 1, 2, 1, 2, 0, 1, 2, 1, 2, 1, 1, 2, 2, 2, 2, 2, 1, 0, 1, 1, 1, 2, 2, 1, 1, 2, 1, 1, 2, 1, 2, 2, 2, 1, 2, 1, 1, 2, 1, 2, 1, 2, 2, 2, 1, 2, 2, 2, 2, 2, 2, 2, 2, 0, 0, 1, 2, 2, 1, 1, 1, 2, 2, 1, 2, 1, 1, 0, 1, 0, 1, 1, 2, 2, 2, 0, 2, 1, 1, 2, 1, 2, 0, 2, 2, 2, 1, 2, 1, 1, 2, 2, 2, 0, 1, 1, 2, 1, 2, 2, 2, 2, 1, 1, 1, 2, 1, 1, 1, 2, 2, 0, 2, 1, 0, 2, 2, 1, 0, 2, 0, 2, 0, 2, 2, 2, 2, 1, 1, 2, 2, 2, 1, 1, 2, 1, 2, 2, 1, 1, 2, 1, 1, 2, 1, 1, 1, 2, 1, 2, 1, 1, 1, 2, 2, 2, 1, 2, 1, 1, 1, 0, 0, 0, 2, 0, 1, 2, 2, 2, 2, 2, 1, 1, 2, 2, 1, 1, 1, 1, 1, 0, 0, 2, 2, 1, 2, 2, 1, 1, 2, 1, 2, 2, 2, 2, 2, 2, 1, 2, 1, 2, 2, 2, 1, 2, 2, 1, 2, 0, 2, 2, 1, 1, 0, 1, 1, 0, 2, 2, 2, 0, 2, 1, 2, 2, 2, 1, 1, 1, 0, 1, 2, 2, 0, 2, 2, 2, 1, 1, 1, 1], "counts": {"silent_neurons": 28, "noisy_neurons": 101, "detector_neurons": 127}}, "num_consensus_neurons": 1, "relevant_ratio_threshold": 95.0, "metrics": {"true_positive": 24, "false_positive": 2, "true_negative": 119974, "false_negative": 0, "total_predictions": 120000, "accuracy": 99.99833333333333, "precision": 92.3076923076923, "recall": 100.0, "f1_score": 95.99999999999999, "specificity": 99.99833299993331}}