{"freq_band": "hfo", "confidence_window": 180, "feature_neuron_class": {"array": [4, 4, 1, 1, 0, 1, 1, 4, 0, 1, 4, 4, 1, 4, 4, 1, 1, 4, 0, 1, 4, 4, 1, 4, 0, 0, 1, 1, 4, 4, 1, 1, 4, 0, 1, 1, 1, 1, 1, 1, 1, 1, 1, 4, 4, 1, 0, 1, 1, 1, 1, 0, 1, 1, 1, 1, 1, 4, 1, 1, 4, 4, 1, 1, 0, 1, 1, 1, 1, 1, 0, 4, 4, 4, 4, 0, 4, 4, 1, 1, 1, 1, 1, 1, 0, 1, 1, 4, 1, 1, 4, 1, 4, 1, 0, 4, 1, 1, 1, 1, 0, 4, 4, 1, 1, 1, 1, 1, 1, 4, 1, 1, 4, 1, 4, 1, 1, 4, 1, 0, 1, 1, 0, 4, 1, 1, 1, 4, 1, 1, 0, 1, 1, 1, 1, 1, 1, 1, 1, 1, 1, 4, 1, 0, 1, 4, 1, 4, 4, 1, 1, 1, 1, 1, 4, 1, 0, 0, 4, 1, 1, 1, 1, 1, 0, 1, 4, 1, 4, 1, 0, 1, 1, 4, 1, 1, 1, 1, 1, 1, 1, 1, 4, 0, 4, 1, 1, 0, 4, 1, 1, 1, 1, 1, 1, 1, 4, 1, 1, 1, 1, 4, 1, 4, 4, 1, 4, 4, 1, 1, 4, 4, 1, 1, 1, 1, 0, 1, 4, 4, 1, 1, 4, 1, 1, 1, 0, 1, 4, 4, 1, 1, 1, 4, 1, 1, 1, 1, 0, 1, 1, 1, 0, 1, 4, 1, 1, 1, 1, 4, 1, 4, 4, 1, 4, 1], "counts": {"silent_neurons": 28, "noisy_neurons": 160, "detector_neurons": 68}}, "num_consensus_neurons": 1, "relevant_ratio_threshold": 90.0, "metrics": {"true_positive": 45, "false_positive": 5, "true_negative": 119896, "false_negative": 54, "total_predictions": 120000, "accuracy": 99.95083333333334, "precision": 90.0, "recall": 45.45454545454545, "f1_score": 60.4026845637584, "specificity": 99.99582989299506}}