{
    "freq_band": "fr",
    "confidence_window": 60,
    "feature_neuron_class": {
        "array": [
            1, 1, 1, 3, 1, 1, 1, 3, 1, 3, 3, 3, 3, 1, 0, 1, 3, 3, 1, 3, 3, 3, 0, 1, 0,
            3, 1, 3, 1, 3, 1, 3, 3, 0, 3, 3, 1, 0, 0, 3, 0, 3, 3, 0, 0, 1, 3, 3, 0, 0,
            0, 3, 1, 0, 0, 1, 0, 3, 0, 3, 0, 0, 3, 0, 0, 3, 1, 0, 0, 0, 0, 3, 0, 0, 0,
            1, 0, 1, 0, 0, 0, 0, 1, 1, 0, 0, 0, 1, 0, 3, 0, 0, 3, 3, 0, 0, 3, 3, 0, 1,
            0, 0, 0, 0, 0, 0, 3, 0, 1, 0, 3, 0, 0, 3, 3, 0, 3, 0, 0, 3, 0, 0, 0, 0, 0,
            0, 0, 3, 0, 3, 0, 0, 3, 0, 0, 0, 3, 0, 0, 3, 0, 3, 3, 0, 0, 3, 0, 0, 0, 1,
            0, 0, 0, 3, 0, 0, 0, 0, 0, 0, 0, 0, 3, 1, 0, 0, 3, 0, 3, 3, 3, 0, 0, 0, 0,
            1, 3, 0, 0, 3, 0, 0, 0, 0, 3, 0, 0, 0, 0, 0, 0, 0, 0, 0, 0, 0, 0, 0, 0, 0,
            3, 0, 3, 0, 3, 3, 0, 0, 0, 0, 0, 3, 0, 0, 0, 0, 0, 0, 0, 0, 0, 0, 0, 0, 0,
            0, 0, 0, 0, 3, 0, 0, 0, 0, 3, 3, 0, 0, 0, 0, 0, 1, 0, 0, 3, 0, 0, 0, 0, 3,
            0, 0, 0, 0, 0, 3
        ],
        "counts": {
            "silent_neurons": 158,
            "noisy_neurons": 30,
            "detector_neurons": 68
        }
    },
    "num_consensus_neurons": 2,
    "metrics": {
        "true_positive": 112,
        "false_positive": 8,
        "true_negative": 119793,
        "false_negative": 87,
        "total_predictions": 120000,
        "accuracy": 99.92083333333333,
        "precision": 93.33333333333333,
        "recall": 56.28140703517588,
        "f1_score": 70.21943573667711,
        "specificity": 99.99332225941353
    }
}