{
  "freq_band": "fr",
  "confidence_window": 60,
  "feature_neuron_class": {
    "array": [
      1, 1, 1, 3, 1, 1, 1, 3, 1, 3, 3, 3, 3, 1, 0, 1, 3, 3, 1, 3, 3, 3, 0, 1, 0,
      3, 1, 3, 1, 3, 1, 3, 3, 0, 3, 3, 1, 0, 0, 3, 0, 3, 3, 0, 0, 1, 3, 3, 0, 0,
      0, 3, 1, 0, 0, 1, 0, 3, 0, 3, 0, 0, 3, 0, 0, 3, 1, 0, 0, 0, 0, 3, 0, 0, 0,
      1, 0, 1, 0, 0, 0, 0, 1, 1, 0, 0, 0, 1, 0, 3, 0, 0, 3, 3, 0, 0, 3, 3, 0, 1,
      0, 0, 0, 0, 0, 0, 3, 0, 1, 0, 3, 0, 0, 3, 3, 0, 3, 0, 0, 3, 0, 0, 0, 0, 0,
      0, 0, 3, 0, 3, 0, 0, 3, 0, 0, 0, 3, 0, 0, 3, 0, 3, 3, 0, 0, 3, 0, 0, 0, 1,
      0, 0, 0, 3, 0, 0, 0, 0, 0, 0, 0, 0, 3, 1, 0, 0, 3, 0, 3, 3, 3, 0, 0, 0, 0,
      1, 3, 0, 0, 3, 0, 0, 0, 0, 3, 0, 0, 0, 0, 0, 0, 0, 0, 0, 0, 0, 0, 0, 0, 0,
      3, 0, 3, 0, 3, 3, 0, 0, 0, 0, 0, 3, 0, 0, 0, 0, 0, 0, 0, 0, 0, 0, 0, 0, 0,
      0, 0, 0, 0, 3, 0, 0, 0, 0, 3, 3, 0, 0, 0, 0, 0, 1, 0, 0, 3, 0, 0, 0, 0, 3,
      0, 0, 0, 0, 0, 3
    ],
    "counts": {
      "silent_neurons": 158,
      "noisy_neurons": 30,
      "detector_neurons": 68
    }
  },
  "num_consensus_neurons": 1,
  "metrics": {
    "true_positive": 164,
    "false_positive": 12,
    "true_negative": 119789,
    "false_negative": 35,
    "total_predictions": 120000,
    "accuracy": 99.96083333333333,
    "precision": 93.18181818181817,
    "recall": 82.41206030150754,
    "f1_score": 87.46666666666667,
    "specificity": 99.9899833891203
  }
}
