{"freq_band": "fr", "confidence_window": 60, "feature_neuron_class": {"array": [1, 1, 1, 1, 1, 1, 1, 1, 1, 1, 1, 1, 1, 1, 1, 1, 0, 1, 0, 3, 1, 1, 1, 1, 1, 1, 1, 0, 1, 1, 3, 1, 1, 1, 1, 1, 1, 0, 1, 0, 1, 1, 0, 0, 0, 0, 1, 0, 0, 1, 1, 0, 1, 0, 0, 0, 0, 0, 0, 0, 0, 1, 0, 0, 0, 3, 0, 1, 1, 0, 0, 0, 1, 0, 0, 0, 0, 0, 0, 1, 1, 1, 1, 0, 0, 0, 1, 1, 0, 1, 0, 1, 0, 1, 1, 0, 1, 0, 1, 1, 1, 0, 1, 0, 3, 1, 3, 3, 0, 1, 0, 0, 0, 0, 0, 1, 3, 1, 0, 0, 0, 0, 0, 0, 1, 0, 1, 1, 1, 0, 0, 0, 0, 1, 0, 1, 0, 0, 0, 0, 0, 1, 0, 0, 1, 1, 0, 3, 0, 0, 1, 0, 0, 0, 0, 1, 0, 0, 1, 0, 0, 0, 1, 0, 0, 3, 0, 0, 1, 0, 1, 0, 0, 3, 1, 0, 3, 3, 0, 0, 1, 1, 0, 0, 1, 1, 1, 0, 1, 0, 0, 0, 1, 1, 0, 1, 0, 0, 1, 0, 0, 1, 0, 0, 0, 0, 0, 3, 0, 3, 0, 0, 0, 0, 0, 0, 0, 0, 1, 0, 0, 0, 1, 1, 0, 0, 0, 0, 1, 0, 0, 1, 3, 0, 0, 0, 1, 0, 0, 1, 0, 0, 0, 0, 0, 0, 1, 0, 0, 0, 0, 1, 0, 0, 1, 1], "counts": {"silent_neurons": 141, "noisy_neurons": 100, "detector_neurons": 15}}, "num_consensus_neurons": 2, "metrics": {"true_positive": 9, "false_positive": 1, "true_negative": 119800, "false_negative": 190, "total_predictions": 120000, "accuracy": 99.84083333333334, "precision": 90.0, "recall": 4.522613065326634, "f1_score": 8.61244019138756, "specificity": 99.99916528242669}}